t_s,cycle,phase,target_deg_s,angle_deg,velocity_deg_s,diag_raw,foc_valid,fault_code,need_calibration,armed
0.038165,1,settle,0.0,-63.809,,,,,,
0.038205,1,settle,0.0,-63.809,0.169,,,,,
0.038218,1,settle,0.0,-63.809,0.169,FB0000021D000000,True,0,False,False
0.088156,1,settle,0.0,-63.818,0.169,FB0000021D000000,True,0,False,False
0.088196,1,settle,0.0,-63.818,-0.169,FB0000021D000000,True,0,False,False
0.138065,1,settle,0.0,-63.818,-0.169,FB0000021D000000,True,0,False,False
0.138091,1,settle,0.0,-63.818,0.000,FB0000021D000000,True,0,False,False
0.188141,1,settle,0.0,-63.814,0.000,FB0000021D000000,True,0,False,False
0.188183,1,settle,0.0,-63.814,0.084,FB0000021D000000,True,0,False,False
0.238089,1,settle,0.0,-63.814,0.084,FB0000021D000000,True,0,False,False
0.238129,1,settle,0.0,-63.814,0.000,FB0000021D000000,True,0,False,False
0.288191,1,settle,0.0,-63.822,0.000,FB0000021D000000,True,0,False,False
0.288274,1,settle,0.0,-63.822,-0.169,FB0000021D000000,True,0,False,False
0.338288,1,settle,0.0,-63.809,-0.169,FB0000021D000000,True,0,False,False
0.338367,1,settle,0.0,-63.809,0.254,FB0000021D000000,True,0,False,False
0.388254,1,settle,0.0,-63.822,0.254,FB0000021D000000,True,0,False,False
0.388329,1,settle,0.0,-63.822,-0.254,FB0000021D000000,True,0,False,False
0.438324,1,settle,0.0,-63.818,-0.254,FB0000021D000000,True,0,False,False
0.438452,1,settle,0.0,-63.818,0.085,FB0000021D000000,True,0,False,False
0.488108,1,settle,0.0,-63.831,0.085,FB0000021D000000,True,0,False,False
0.488187,1,settle,0.0,-63.831,-0.254,FB0000021D000000,True,0,False,False
4.776121,1,foc,,-63.831,-0.254,FB0000021D000000,True,0,False,False
4.776252,1,foc,,0.000,-0.254,FB0000021D000000,True,0,False,False
4.776280,1,foc,,0.000,0.009,FB0000021D000000,True,0,False,False
4.824989,1,foc,,-0.004,0.009,FB0000021D000000,True,0,False,False
4.825070,1,foc,,-0.004,-0.084,FB0000021D000000,True,0,False,False
4.875234,1,foc,,0.000,-0.084,FB0000021D000000,True,0,False,False
4.875324,1,foc,,0.000,0.084,FB0000021D000000,True,0,False,False
4.925086,1,foc,,-0.004,0.084,FB0000021D000000,True,0,False,False
4.925140,1,foc,,-0.004,-0.084,FB0000021D000000,True,0,False,False
4.974967,1,foc,,-0.008,-0.084,FB0000021D000000,True,0,False,False
4.975002,1,foc,,-0.008,-0.084,FB0000021D000000,True,0,False,False
5.024866,1,foc,,-0.004,-0.084,FB0000021D000000,True,0,False,False
5.024905,1,foc,,-0.004,0.084,FB0000021D000000,True,0,False,False
5.074950,1,foc,,-0.013,0.084,FB0000021D000000,True,0,False,False
5.074985,1,foc,,-0.013,-0.169,FB0000021D000000,True,0,False,False
5.125041,1,foc,,0.004,-0.169,FB0000021D000000,True,0,False,False
5.125079,1,foc,,0.004,0.338,FB0000021D000000,True,0,False,False
5.174877,1,foc,,-0.004,0.338,FB0000021D000000,True,0,False,False
5.174899,1,foc,,-0.004,-0.169,FB0000021D000000,True,0,False,False
5.224921,1,foc,,0.000,-0.169,FB0000021D000000,True,0,False,False
5.224943,1,foc,,0.000,0.084,FB0000021D000000,True,0,False,False
5.274931,1,foc,,0.000,0.084,FB0000021D000000,True,0,False,False
5.275221,1,foc,,-0.008,0.084,FB0000021D000000,True,0,False,False
5.275247,1,foc,,-0.008,-0.169,FB0000021D000000,True,0,False,False
5.324914,1,foc,,0.000,-0.169,FB0000021D000000,True,0,False,False
5.324936,1,foc,,0.000,0.169,FB0000021D000000,True,0,False,False
5.375040,1,foc,,-0.004,0.169,FB0000021D000000,True,0,False,False
5.375075,1,foc,,-0.004,-0.084,FB0000021D000000,True,0,False,False
5.425005,1,foc,,0.004,-0.084,FB0000021D000000,True,0,False,False
5.425026,1,foc,,0.004,0.169,FB0000021D000000,True,0,False,False
5.474916,1,foc,,-0.004,0.169,FB0000021D000000,True,0,False,False
5.474952,1,foc,,-0.004,-0.169,FB0000021D000000,True,0,False,False
5.524971,1,foc,,0.000,-0.169,FB0000021D000000,True,0,False,False
5.524993,1,foc,,0.000,0.084,FB0000021D000000,True,0,False,False
5.575020,1,foc,,0.004,0.084,FB0000021D000000,True,0,False,False
5.575045,1,foc,,0.004,0.084,FB0000021D000000,True,0,False,False
5.625017,1,foc,,0.004,0.084,FB0000021D000000,True,0,False,False
5.625054,1,foc,,0.004,0.000,FB0000021D000000,True,0,False,False
5.675006,1,foc,,0.000,0.000,FB0000021D000000,True,0,False,False
5.675027,1,foc,,0.000,-0.084,FB0000021D000000,True,0,False,False
5.724975,1,foc,,-0.004,-0.084,FB0000021D000000,True,0,False,False
5.725014,1,foc,,-0.004,-0.084,FB0000021D000000,True,0,False,False
5.774962,1,foc,,-0.004,-0.084,FB0000021D000000,True,0,False,False
5.775230,1,foc,,0.004,-0.084,FB0000021D000000,True,0,False,False
5.775256,1,foc,,0.004,0.169,FB0000021D000000,True,0,False,False
5.824977,1,foc,,0.000,0.169,FB0000021D000000,True,0,False,False
5.825017,1,foc,,0.000,-0.084,FB0000021D000000,True,0,False,False
5.875248,1,foc,,-0.004,-0.084,FB0000021D000000,True,0,False,False
5.875301,1,foc,,-0.004,-0.084,FB0000021D000000,True,0,False,False
5.925116,1,foc,,0.000,-0.084,FB0000021D000000,True,0,False,False
5.925156,1,foc,,0.000,0.084,FB0000021D000000,True,0,False,False
5.975120,1,foc,,0.004,0.084,FB0000021D000000,True,0,False,False
5.975170,1,foc,,0.004,0.084,FB0000021D000000,True,0,False,False
6.024907,1,foc,,0.008,0.084,FB0000021D000000,True,0,False,False
6.024946,1,foc,,0.008,0.085,FB0000021D000000,True,0,False,False
6.075042,1,foc,,-0.008,0.085,FB0000021D000000,True,0,False,False
6.075112,1,foc,,-0.008,-0.338,FB0000021D000000,True,0,False,False
6.125089,1,foc,,0.013,-0.338,FB0000021D000000,True,0,False,False
6.125128,1,foc,,0.013,0.423,FB0000021D000000,True,0,False,False
6.175054,1,foc,,0.004,0.423,FB0000021D000000,True,0,False,False
6.175087,1,foc,,0.004,-0.169,FB0000021D000000,True,0,False,False
6.225060,1,foc,,-0.004,-0.169,FB0000021D000000,True,0,False,False
6.225112,1,foc,,-0.004,-0.169,FB0000021D000000,True,0,False,False
6.274943,1,foc,,-0.004,-0.169,FB0000021D000000,True,0,False,False
6.275215,1,foc,,-0.008,-0.169,FB0000021D000000,True,0,False,False
6.275242,1,foc,,-0.008,-0.084,FB0000021D000000,True,0,False,False
6.324959,1,foc,,0.008,-0.084,FB0000021D000000,True,0,False,False
6.325029,1,foc,,0.008,0.338,FB0000021D000000,True,0,False,False
6.375096,1,foc,,-0.004,0.338,FB0000021D000000,True,0,False,False
6.375150,1,foc,,-0.004,-0.254,FB0000021D000000,True,0,False,False
6.424968,1,foc,,0.004,-0.254,FB0000021D000000,True,0,False,False
6.425016,1,foc,,0.004,0.169,FB0000021D000000,True,0,False,False
6.475145,1,foc,,-0.004,0.169,FB0000021D000000,True,0,False,False
6.475195,1,foc,,-0.004,-0.169,FB0000021D000000,True,0,False,False
6.525220,1,foc,,-0.017,-0.169,FB0000021D000000,True,0,False,False
6.525276,1,foc,,-0.017,-0.254,FB0000021D000000,True,0,False,False
6.575067,1,foc,,-0.004,-0.254,FB0000021D000000,True,0,False,False
6.575149,1,foc,,-0.004,0.254,FB0000021D000000,True,0,False,False
6.624928,1,foc,,0.008,0.254,FB0000021D000000,True,0,False,False
6.624970,1,foc,,0.008,0.254,FB0000021D000000,True,0,False,False
6.674951,1,foc,,-0.008,0.254,FB0000021D000000,True,0,False,False
6.674983,1,foc,,-0.008,-0.338,FB0000021D000000,True,0,False,False
6.725056,1,foc,,-0.008,-0.338,FB0000021D000000,True,0,False,False
6.725146,1,foc,,-0.008,0.000,FB0000021D000000,True,0,False,False
6.775163,1,foc,,-0.008,0.000,FB0000021D000000,True,0,False,False
6.775278,1,foc,,0.000,0.000,FB0000021D000000,True,0,False,False
6.775303,1,foc,,0.000,0.169,FB0000021D000000,True,0,False,False
6.825302,1,foc,,0.004,0.169,FB0000021D000000,True,0,False,False
6.825392,1,foc,,0.004,0.084,FB0000021D000000,True,0,False,False
6.875301,1,foc,,-0.004,0.084,FB0000021D000000,True,0,False,False
6.875388,1,foc,,-0.004,-0.169,FB0000021D000000,True,0,False,False
6.925104,1,foc,,0.000,-0.169,FB0000021D000000,True,0,False,False
6.925179,1,foc,,0.000,0.084,FB0000021D000000,True,0,False,False
6.975246,1,foc,,-0.008,0.084,FB0000021D000000,True,0,False,False
6.975333,1,foc,,-0.008,-0.169,FB0000021D000000,True,0,False,False
7.025120,1,settle,0.0,0.004,-0.169,FB0000021D000000,True,0,False,False
7.025185,1,settle,0.0,0.004,0.253,FB0000021D000000,True,0,False,False
7.075345,1,settle,0.0,0.000,0.253,FB0000021D000000,True,0,False,False
7.075469,1,settle,0.0,0.000,-0.084,FB0000021D000000,True,0,False,False
7.125195,1,settle,0.0,0.004,-0.084,FB0000021D000000,True,0,False,False
7.125268,1,settle,0.0,0.004,0.084,FB0000021D000000,True,0,False,False
7.175228,1,settle,0.0,0.000,0.084,FB0000021D000000,True,0,False,False
7.175318,1,settle,0.0,0.000,-0.084,FB0000021D000000,True,0,False,False
7.225076,1,settle,0.0,0.000,-0.084,FB0000021D000000,True,0,False,False
7.225151,1,settle,0.0,0.000,0.000,FB0000021D000000,True,0,False,False
7.275187,1,settle,0.0,0.000,0.000,FB0000021D000000,True,0,False,False
7.275297,1,settle,0.0,-0.004,0.000,FB0000021D000000,True,0,False,False
7.275375,1,settle,0.0,-0.004,-0.084,FB0000021D000000,True,0,False,False
7.325153,1,settle,0.0,-0.008,-0.084,FB0000021D000000,True,0,False,False
7.325227,1,settle,0.0,-0.008,-0.084,FB0000021D000000,True,0,False,False
7.375293,1,settle,0.0,0.000,-0.084,FB0000021D000000,True,0,False,False
7.375368,1,settle,0.0,0.000,0.169,FB0000021D000000,True,0,False,False
7.425125,1,settle,0.0,0.004,0.169,FB0000021D000000,True,0,False,False
7.425218,1,settle,0.0,0.004,0.084,FB0000021D000000,True,0,False,False
7.475242,1,settle,0.0,0.000,0.084,FB0000021D000000,True,0,False,False
7.475327,1,settle,0.0,0.000,-0.084,FB0000021D000000,True,0,False,False
8.561248,1,response,10.0,0.000,-0.084,FB0000021D000002,True,0,False,True
8.561427,1,response,10.0,0.004,-0.084,FB0000021D000002,True,0,False,True
8.561461,1,response,10.0,0.004,0.004,FB0000021D000002,True,0,False,True
8.611269,1,response,10.0,0.211,0.004,FB0000021D000002,True,0,False,True
8.611481,1,response,10.0,0.211,4.141,FB0000021D000002,True,0,False,True
8.661324,1,response,10.0,0.579,4.141,FB0000021D000002,True,0,False,True
8.661586,1,response,10.0,0.579,7.352,FB0000021D000002,True,0,False,True
8.711188,1,response,10.0,0.917,7.352,FB0000021D000002,True,0,False,True
8.711275,1,response,10.0,0.917,6.761,FB0000021D000002,True,0,False,True
8.761326,1,response,10.0,1.238,6.761,FB0000021D000002,True,0,False,True
8.761413,1,response,10.0,1.238,6.423,FB0000021D000002,True,0,False,True
8.811297,1,response,10.0,1.542,6.423,FB0000021D000002,True,0,False,True
8.811388,1,response,10.0,1.542,6.085,FB0000021D000002,True,0,False,True
8.861251,1,response,10.0,1.787,6.085,FB0000021D000002,True,0,False,True
8.861336,1,response,10.0,1.787,4.902,FB0000021D000002,True,0,False,True
8.911237,1,response,10.0,1.969,4.902,FB0000021D000002,True,0,False,True
8.911323,1,response,10.0,1.969,3.634,FB0000021D000002,True,0,False,True
8.961242,1,response,10.0,2.058,3.634,FB0000021D000002,True,0,False,True
8.961328,1,response,10.0,2.058,1.775,FB0000021D000002,True,0,False,True
9.011183,1,response,10.0,2.104,1.775,FB0000021D000002,True,0,False,True
9.011270,1,response,10.0,2.104,0.930,FB0000021D000002,True,0,False,True
9.061204,1,response,10.0,2.117,0.930,FB0000021D000002,True,0,False,True
9.061290,1,response,10.0,2.117,0.253,FB0000021D000002,True,0,False,True
9.061311,1,response,10.0,2.117,0.253,FB0000021D000002,True,0,False,True
9.111150,1,response,10.0,2.155,0.253,FB0000021D000002,True,0,False,True
9.111291,1,response,10.0,2.155,0.761,FB0000021D000002,True,0,False,True
9.161059,1,response,10.0,2.147,0.761,FB0000021D000002,True,0,False,True
9.161098,1,response,10.0,2.147,-0.169,FB0000021D000002,True,0,False,True
9.210869,1,response,10.0,2.159,-0.169,FB0000021D000002,True,0,False,True
9.210933,1,response,10.0,2.159,0.254,FB0000021D000002,True,0,False,True
9.261256,1,response,10.0,2.163,0.254,FB0000021D000002,True,0,False,True
9.261394,1,response,10.0,2.163,0.084,FB0000021D000002,True,0,False,True
9.311194,1,response,10.0,2.163,0.084,FB0000021D000002,True,0,False,True
9.311271,1,response,10.0,2.163,0.000,FB0000021D000002,True,0,False,True
9.360995,1,response,10.0,2.172,0.000,FB0000021D000002,True,0,False,True
9.361079,1,response,10.0,2.172,0.169,FB0000021D000002,True,0,False,True
9.410937,1,response,10.0,2.172,0.169,FB0000021D000002,True,0,False,True
9.411001,1,response,10.0,2.172,0.000,FB0000021D000002,True,0,False,True
9.461166,1,response,10.0,2.176,0.000,FB0000021D000002,True,0,False,True
9.461368,1,response,10.0,2.176,0.084,FB0000021D000002,True,0,False,True
9.511408,1,response,10.0,2.180,0.084,FB0000021D000002,True,0,False,True
9.511700,1,response,10.0,2.180,0.084,FB0000021D000002,True,0,False,True
9.561181,1,response,10.0,2.172,0.084,FB0000021D000002,True,0,False,True
9.561261,1,response,10.0,2.172,-0.169,FB0000021D000002,True,0,False,True
9.561279,1,response,10.0,2.172,-0.169,FB0000021D000002,True,0,False,True
9.611046,1,response,10.0,2.176,-0.169,FB0000021D000002,True,0,False,True
9.611119,1,response,10.0,2.176,0.084,FB0000021D000002,True,0,False,True
9.661285,1,response,10.0,2.176,0.084,FB0000021D000002,True,0,False,True
9.661367,1,response,10.0,2.176,0.000,FB0000021D000002,True,0,False,True
9.711171,1,response,10.0,2.176,0.000,FB0000021D000002,True,0,False,True
9.711254,1,response,10.0,2.176,0.000,FB0000021D000002,True,0,False,True
9.761187,1,response,10.0,2.180,0.000,FB0000021D000002,True,0,False,True
9.761273,1,response,10.0,2.180,0.084,FB0000021D000002,True,0,False,True
9.811233,1,response,10.0,2.189,0.084,FB0000021D000002,True,0,False,True
9.811319,1,response,10.0,2.189,0.169,FB0000021D000002,True,0,False,True
9.861367,1,response,10.0,2.197,0.169,FB0000021D000002,True,0,False,True
9.861444,1,response,10.0,2.197,0.169,FB0000021D000002,True,0,False,True
9.911188,1,response,10.0,2.185,0.169,FB0000021D000002,True,0,False,True
9.911279,1,response,10.0,2.185,-0.254,FB0000021D000002,True,0,False,True
9.960961,1,response,10.0,2.193,-0.254,FB0000021D000002,True,0,False,True
9.961040,1,response,10.0,2.193,0.169,FB0000021D000002,True,0,False,True
10.011032,1,response,10.0,2.193,0.169,FB0000021D000002,True,0,False,True
10.011072,1,response,10.0,2.193,0.000,FB0000021D000002,True,0,False,True
10.061198,1,response,10.0,2.189,0.000,FB0000021D000002,True,0,False,True
10.061254,1,response,10.0,2.189,-0.085,FB0000021D000002,True,0,False,True
10.061264,1,response,10.0,2.189,-0.085,FB0000021D000002,True,0,False,True
10.111010,1,response,10.0,2.193,-0.085,FB0000021D000002,True,0,False,True
10.111072,1,response,10.0,2.193,0.085,FB0000021D000002,True,0,False,True
10.160940,1,response,10.0,2.193,0.085,FB0000021D000002,True,0,False,True
10.160981,1,response,10.0,2.193,0.000,FB0000021D000002,True,0,False,True
10.211046,1,response,10.0,2.193,0.000,FB0000021D000002,True,0,False,True
10.211097,1,response,10.0,2.193,0.000,FB0000021D000002,True,0,False,True
10.260996,1,response,0.0,2.197,0.000,FB0000021D000002,True,0,False,True
10.261034,1,response,0.0,2.197,0.084,FB0000021D000002,True,0,False,True
10.311013,1,response,0.0,2.189,0.084,FB0000021D000002,True,0,False,True
10.311093,1,response,0.0,2.189,-0.169,FB0000021D000002,True,0,False,True
10.361076,1,response,0.0,2.176,-0.169,FB0000021D000002,True,0,False,True
10.361180,1,response,0.0,2.176,-0.253,FB0000021D000002,True,0,False,True
10.410995,1,response,0.0,2.193,-0.253,FB0000021D000002,True,0,False,True
10.411028,1,response,0.0,2.193,0.338,FB0000021D000002,True,0,False,True
10.460933,1,response,0.0,2.180,0.338,FB0000021D000002,True,0,False,True
10.460989,1,response,0.0,2.180,-0.254,FB0000021D000002,True,0,False,True
10.511005,1,response,0.0,2.193,-0.254,FB0000021D000002,True,0,False,True
10.511045,1,response,0.0,2.193,0.254,FB0000021D000002,True,0,False,True
10.561021,1,response,0.0,2.180,0.254,FB0000021D000002,True,0,False,True
10.561064,1,response,0.0,2.180,-0.254,FB0000021D000002,True,0,False,True
10.561073,1,response,0.0,2.180,-0.254,FB0000021D000002,True,0,False,True
10.610985,1,response,0.0,2.189,-0.254,FB0000021D000002,True,0,False,True
10.611044,1,response,0.0,2.189,0.169,FB0000021D000002,True,0,False,True
10.661073,1,response,0.0,2.189,0.169,FB0000021D000002,True,0,False,True
10.661108,1,response,0.0,2.189,0.000,FB0000021D000002,True,0,False,True
10.711054,1,response,0.0,2.185,0.000,FB0000021D000002,True,0,False,True
10.711084,1,response,0.0,2.185,-0.084,FB0000021D000002,True,0,False,True
10.761029,1,response,0.0,2.185,-0.084,FB0000021D000002,True,0,False,True
10.761069,1,response,0.0,2.185,0.000,FB0000021D000002,True,0,False,True
10.811055,1,response,0.0,2.193,0.000,FB0000021D000002,True,0,False,True
10.811095,1,response,0.0,2.193,0.169,FB0000021D000002,True,0,False,True
10.861046,1,response,0.0,2.180,0.169,FB0000021D000002,True,0,False,True
10.861108,1,response,0.0,2.180,-0.254,FB0000021D000002,True,0,False,True
10.911083,1,response,0.0,2.185,-0.254,FB0000021D000002,True,0,False,True
10.911139,1,response,0.0,2.185,0.084,FB0000021D000002,True,0,False,True
10.961027,1,response,-10.0,2.185,0.084,FB0000021D000002,True,0,False,True
10.961075,1,response,-10.0,2.185,0.000,FB0000021D000002,True,0,False,True
11.011003,1,response,-10.0,2.151,0.000,FB0000021D000002,True,0,False,True
11.011038,1,response,-10.0,2.151,-0.676,FB0000021D000002,True,0,False,True
11.061028,1,response,-10.0,2.130,-0.676,FB0000021D000002,True,0,False,True
11.061076,1,response,-10.0,2.130,-0.423,FB0000021D000002,True,0,False,True
11.061087,1,response,-10.0,2.130,-0.423,FB0000021D000002,True,0,False,True
11.111111,1,response,-10.0,2.125,-0.423,FB0000021D000002,True,0,False,True
11.111166,1,response,-10.0,2.125,-0.084,FB0000021D000002,True,0,False,True
11.160903,1,response,-10.0,2.104,-0.084,FB0000021D000002,True,0,False,True
11.160963,1,response,-10.0,2.104,-0.423,FB0000021D000002,True,0,False,True
11.211047,1,response,-10.0,2.087,-0.423,FB0000021D000002,True,0,False,True
11.211103,1,response,-10.0,2.087,-0.338,FB0000021D000002,True,0,False,True
11.261000,1,response,-10.0,2.079,-0.338,FB0000021D000002,True,0,False,True
11.261071,1,response,-10.0,2.079,-0.169,FB0000021D000002,True,0,False,True
11.310954,1,response,-10.0,2.058,-0.169,FB0000021D000002,True,0,False,True
11.310998,1,response,-10.0,2.058,-0.423,FB0000021D000002,True,0,False,True
11.361121,1,response,-10.0,2.045,-0.423,FB0000021D000002,True,0,False,True
11.361162,1,response,-10.0,2.045,-0.254,FB0000021D000002,True,0,False,True
11.411052,1,response,-10.0,2.011,-0.254,FB0000021D000002,True,0,False,True
11.411117,1,response,-10.0,2.011,-0.676,FB0000021D000002,True,0,False,True
11.461118,1,response,-10.0,1.990,-0.676,FB0000021D000002,True,0,False,True
11.461159,1,response,-10.0,1.990,-0.423,FB0000021D000002,True,0,False,True
11.510917,1,response,-10.0,1.931,-0.423,FB0000021D000002,True,0,False,True
11.510952,1,response,-10.0,1.931,-1.183,FB0000021D000002,True,0,False,True
11.560985,1,response,-10.0,1.885,-1.183,FB0000021D000002,True,0,False,True
11.561025,1,response,-10.0,1.885,-0.930,FB0000021D000002,True,0,False,True
11.561035,1,response,-10.0,1.885,-0.930,FB0000021D000002,True,0,False,True
11.611038,1,response,-10.0,1.813,-0.930,FB0000021D000002,True,0,False,True
11.611091,1,response,-10.0,1.813,-1.437,FB0000021D000002,True,0,False,True
11.661030,1,response,-10.0,1.728,-1.437,FB0000021D000002,True,0,False,True
11.661070,1,response,-10.0,1.728,-1.690,FB0000021D000002,True,0,False,True
11.710947,1,response,-10.0,1.610,-1.690,FB0000021D000002,True,0,False,True
11.710986,1,response,-10.0,1.610,-2.366,FB0000021D000002,True,0,False,True
11.761024,1,response,-10.0,1.483,-2.366,FB0000021D000002,True,0,False,True
11.761064,1,response,-10.0,1.483,-2.535,FB0000021D000002,True,0,False,True
11.810891,1,response,-10.0,1.306,-2.535,FB0000021D000002,True,0,False,True
11.810927,1,response,-10.0,1.306,-3.549,FB0000021D000002,True,0,False,True
11.860896,1,response,-10.0,1.111,-3.549,FB0000021D000002,True,0,False,True
11.860938,1,response,-10.0,1.111,-3.887,FB0000021D000002,True,0,False,True
11.911064,1,response,-10.0,0.900,-3.887,FB0000021D000002,True,0,False,True
11.911159,1,response,-10.0,0.900,-4.226,FB0000021D000002,True,0,False,True
11.961272,1,response,-10.0,0.651,-4.226,FB0000021D000002,True,0,False,True
11.961360,1,response,-10.0,0.651,-4.986,FB0000021D000002,True,0,False,True
12.011293,1,response,-10.0,0.427,-4.986,FB0000021D000002,True,0,False,True
12.011380,1,response,-10.0,0.427,-4.479,FB0000021D000002,True,0,False,True
12.061217,1,response,-10.0,0.173,-4.479,FB0000021D000002,True,0,False,True
12.061301,1,response,-10.0,0.173,-5.071,FB0000021D000002,True,0,False,True
12.061322,1,response,-10.0,0.173,-5.071,FB0000021D000002,True,0,False,True
12.111278,1,response,-10.0,-0.072,-5.071,FB0000021D000002,True,0,False,True
12.111415,1,response,-10.0,-0.072,-4.902,FB0000021D000002,True,0,False,True
12.161184,1,response,-10.0,-0.317,-4.902,FB0000021D000002,True,0,False,True
12.161275,1,response,-10.0,-0.317,-4.902,FB0000021D000002,True,0,False,True
12.211200,1,response,-10.0,-0.570,-4.902,FB0000021D000002,True,0,False,True
12.211286,1,response,-10.0,-0.570,-5.071,FB0000021D000002,True,0,False,True
12.261118,1,response,-10.0,-0.820,-5.071,FB0000021D000002,True,0,False,True
12.261191,1,response,-10.0,-0.820,-4.986,FB0000021D000002,True,0,False,True
12.311127,1,response,-10.0,-1.094,-4.986,FB0000021D000002,True,0,False,True
12.311211,1,response,-10.0,-1.094,-5.493,FB0000021D000002,True,0,False,True
12.361131,1,response,-10.0,-1.361,-5.493,FB0000021D000002,True,0,False,True
12.361386,1,response,-10.0,-1.361,-5.324,FB0000021D000002,True,0,False,True
12.411331,1,response,-10.0,-1.606,-5.324,FB0000021D000002,True,0,False,True
12.411579,1,response,-10.0,-1.606,-4.902,FB0000021D000002,True,0,False,True
12.460998,1,response,-10.0,-1.825,-4.902,FB0000021D000002,True,0,False,True
12.461049,1,response,-10.0,-1.825,-4.395,FB0000021D000002,True,0,False,True
12.511019,1,response,-10.0,-2.020,-4.395,FB0000021D000002,True,0,False,True
12.511054,1,response,-10.0,-2.020,-3.887,FB0000021D000002,True,0,False,True
12.561173,1,response,-10.0,-2.185,-3.887,FB0000021D000002,True,0,False,True
12.561259,1,response,-10.0,-2.185,-3.296,FB0000021D000002,True,0,False,True
12.561279,1,response,-10.0,-2.185,-3.296,FB0000021D000002,True,0,False,True
12.611092,1,response,-10.0,-2.311,-3.296,FB0000021D000002,True,0,False,True
12.611172,1,response,-10.0,-2.311,-2.535,FB0000021D000002,True,0,False,True
12.660979,1,response,-10.0,-2.417,-2.535,FB0000021D000002,True,0,False,True
12.661054,1,response,-10.0,-2.417,-2.113,FB0000021D000002,True,0,False,True
12.711059,1,response,-10.0,-2.476,-2.113,FB0000021D000002,True,0,False,True
12.711132,1,response,-10.0,-2.476,-1.183,FB0000021D000002,True,0,False,True
12.761069,1,response,-10.0,-2.518,-1.183,FB0000021D000002,True,0,False,True
12.761145,1,response,-10.0,-2.518,-0.845,FB0000021D000002,True,0,False,True
12.811058,1,response,-10.0,-2.531,-0.845,FB0000021D000002,True,0,False,True
12.811127,1,response,-10.0,-2.531,-0.253,FB0000021D000002,True,0,False,True
12.861017,1,response,-10.0,-2.556,-0.253,FB0000021D000002,True,0,False,True
12.861090,1,response,-10.0,-2.556,-0.507,FB0000021D000002,True,0,False,True
12.911118,1,response,-10.0,-2.552,-0.507,FB0000021D000002,True,0,False,True
12.911199,1,response,-10.0,-2.552,0.084,FB0000021D000002,True,0,False,True
12.960933,1,response,0.0,-2.552,0.084,FB0000021D000002,True,0,False,True
12.961009,1,response,0.0,-2.552,0.000,FB0000021D000002,True,0,False,True
13.011054,1,response,0.0,-2.523,0.000,FB0000021D000002,True,0,False,True
13.011137,1,response,0.0,-2.523,0.592,FB0000021D000002,True,0,False,True
13.061004,1,response,0.0,-2.518,0.592,FB0000021D000002,True,0,False,True
13.061081,1,response,0.0,-2.518,0.084,FB0000021D000002,True,0,False,True
13.061144,1,response,0.0,-2.518,0.084,FB0000021D000002,True,0,False,True
13.111073,1,response,0.0,-2.518,0.084,FB0000021D000002,True,0,False,True
13.111157,1,response,0.0,-2.518,0.000,FB0000021D000002,True,0,False,True
13.160929,1,response,0.0,-2.514,0.000,FB0000021D000002,True,0,False,True
13.161035,1,response,0.0,-2.514,0.085,FB0000021D000002,True,0,False,True
13.211034,1,response,0.0,-2.497,0.085,FB0000021D000002,True,0,False,True
13.211117,1,response,0.0,-2.497,0.338,FB0000021D000002,True,0,False,True
13.261114,1,response,0.0,-2.506,0.338,FB0000021D000002,True,0,False,True
13.261309,1,response,0.0,-2.506,-0.169,FB0000021D000002,True,0,False,True
13.311069,1,response,0.0,-2.510,-0.169,FB0000021D000002,True,0,False,True
13.311173,1,response,0.0,-2.510,-0.085,FB0000021D000002,True,0,False,True
13.361188,1,response,0.0,-2.518,-0.085,FB0000021D000002,True,0,False,True
13.361355,1,response,0.0,-2.518,-0.169,FB0000021D000002,True,0,False,True
13.411131,1,response,0.0,-2.514,-0.169,FB0000021D000002,True,0,False,True
13.411198,1,response,0.0,-2.514,0.085,FB0000021D000002,True,0,False,True
13.460985,1,response,0.0,-2.506,0.085,FB0000021D000002,True,0,False,True
13.461056,1,response,0.0,-2.506,0.169,FB0000021D000002,True,0,False,True
13.511141,1,response,0.0,-2.510,0.169,FB0000021D000002,True,0,False,True
13.511223,1,response,0.0,-2.510,-0.085,FB0000021D000002,True,0,False,True
13.561134,1,response,0.0,-2.510,-0.085,FB0000021D000002,True,0,False,True
13.561303,1,response,0.0,-2.501,-0.085,FB0000021D000002,True,0,False,True
13.561331,1,response,0.0,-2.501,0.169,FB0000021D000002,True,0,False,True
13.611075,1,response,0.0,-2.501,0.169,FB0000021D000002,True,0,False,True
13.611161,1,response,0.0,-2.501,0.000,FB0000021D000002,True,0,False,True
13.717124,1,cleanup,0.0,-2.501,0.000,FB0000021D000002,True,0,False,True
13.717185,1,cleanup,0.0,-2.501,0.000,FB0000021D000002,True,0,False,True
13.717204,1,cleanup,0.0,-2.506,0.000,FB0000021D000002,True,0,False,True
13.717219,1,cleanup,0.0,-2.506,-0.084,FB0000021D000002,True,0,False,True
13.761056,1,cleanup,0.0,-2.501,-0.084,FB0000021D000002,True,0,False,True
13.761133,1,cleanup,0.0,-2.501,0.084,FB0000021D000002,True,0,False,True
13.811220,1,cleanup,0.0,-2.493,0.084,FB0000021D000002,True,0,False,True
13.811296,1,cleanup,0.0,-2.493,0.169,FB0000021D000002,True,0,False,True
13.861278,1,cleanup,0.0,-2.497,0.169,FB0000021D000002,True,0,False,True
13.861353,1,cleanup,0.0,-2.497,-0.084,FB0000021D000002,True,0,False,True
13.911124,1,cleanup,0.0,-2.501,-0.084,FB0000021D000002,True,0,False,True
13.911209,1,cleanup,0.0,-2.501,-0.084,FB0000021D000002,True,0,False,True
13.961153,1,cleanup,0.0,-2.501,-0.084,FB0000021D000002,True,0,False,True
13.961239,1,cleanup,0.0,-2.501,0.000,FB0000021D000002,True,0,False,True
14.011262,1,cleanup,0.0,-2.501,0.000,FB0000021D000002,True,0,False,True
14.011347,1,cleanup,0.0,-2.501,0.000,FB0000021D000002,True,0,False,True
14.061233,1,cleanup,0.0,-2.501,0.000,FB0000021D000002,True,0,False,True
14.061315,1,cleanup,0.0,-2.501,0.000,FB0000021D000002,True,0,False,True
14.061333,1,cleanup,0.0,-2.501,0.000,FB0000021D000000,True,0,False,False
14.111220,1,cleanup,0.0,-2.506,0.000,FB0000021D000000,True,0,False,False
14.111305,1,cleanup,0.0,-2.506,-0.084,FB0000021D000000,True,0,False,False
14.161185,2,settle,0.0,-2.506,-0.084,FB0000021D000000,True,0,False,False
14.161322,2,settle,0.0,-2.506,0.000,FB0000021D000000,True,0,False,False
14.211183,2,settle,0.0,-2.501,0.000,FB0000021D000000,True,0,False,False
14.211270,2,settle,0.0,-2.501,0.084,FB0000021D000000,True,0,False,False
14.261240,2,settle,0.0,-2.510,0.084,FB0000021D000000,True,0,False,False
14.261378,2,settle,0.0,-2.510,-0.169,FB0000021D000000,True,0,False,False
14.311156,2,settle,0.0,-2.497,-0.169,FB0000021D000000,True,0,False,False
14.311244,2,settle,0.0,-2.497,0.254,FB0000021D000000,True,0,False,False
14.361162,2,settle,0.0,-2.506,0.254,FB0000021D000000,True,0,False,False
14.361239,2,settle,0.0,-2.506,-0.169,FB0000021D000000,True,0,False,False
14.410981,2,settle,0.0,-2.497,-0.169,FB0000021D000000,True,0,False,False
14.411049,2,settle,0.0,-2.497,0.169,FB0000021D000000,True,0,False,False
14.461081,2,settle,0.0,-2.506,0.169,FB0000021D000000,True,0,False,False
14.461161,2,settle,0.0,-2.506,-0.169,FB0000021D000000,True,0,False,False
14.511038,2,settle,0.0,-2.506,-0.169,FB0000021D000000,True,0,False,False
14.511149,2,settle,0.0,-2.506,0.000,FB0000021D000000,True,0,False,False
14.561107,2,settle,0.0,-2.497,0.000,FB0000021D000000,True,0,False,False
14.561189,2,settle,0.0,-2.497,0.169,FB0000021D000000,True,0,False,False
14.561208,2,settle,0.0,-2.497,0.169,FB0000021D000000,True,0,False,False
14.611180,2,settle,0.0,-2.489,0.169,FB0000021D000000,True,0,False,False
14.611260,2,settle,0.0,-2.489,0.169,FB0000021D000000,True,0,False,False
18.898892,2,foc,,-2.489,0.169,FB0000021D000000,True,0,False,False
18.899106,2,foc,,0.000,0.169,FB0000021D000000,True,0,False,False
18.899137,2,foc,,0.000,-0.191,FB0000021D000000,True,0,False,False
18.947951,2,foc,,-0.004,-0.191,FB0000021D000000,True,0,False,False
18.948021,2,foc,,-0.004,-0.084,FB0000021D000000,True,0,False,False
18.997895,2,foc,,0.004,-0.084,FB0000021D000000,True,0,False,False
18.997916,2,foc,,0.004,0.169,FB0000021D000000,True,0,False,False
19.048023,2,foc,,0.008,0.169,FB0000021D000000,True,0,False,False
19.048151,2,foc,,0.008,0.085,FB0000021D000000,True,0,False,False
19.097935,2,foc,,0.008,0.085,FB0000021D000000,True,0,False,False
19.097955,2,foc,,0.008,0.000,FB0000021D000000,True,0,False,False
19.147991,2,foc,,0.000,0.000,FB0000021D000000,True,0,False,False
19.148031,2,foc,,0.000,-0.169,FB0000021D000000,True,0,False,False
19.197940,2,foc,,0.000,-0.169,FB0000021D000000,True,0,False,False
19.198004,2,foc,,0.000,0.000,FB0000021D000000,True,0,False,False
19.247972,2,foc,,0.000,0.000,FB0000021D000000,True,0,False,False
19.248026,2,foc,,0.000,0.000,FB0000021D000000,True,0,False,False
19.297841,2,foc,,0.008,0.000,FB0000021D000000,True,0,False,False
19.297865,2,foc,,0.008,0.169,FB0000021D000000,True,0,False,False
19.347915,2,foc,,-0.004,0.169,FB0000021D000000,True,0,False,False
19.347954,2,foc,,-0.004,-0.254,FB0000021D000000,True,0,False,False
19.397869,2,foc,,-0.004,-0.254,FB0000021D000000,True,0,False,False
19.398081,2,foc,,0.013,-0.254,FB0000021D000000,True,0,False,False
19.398153,2,foc,,0.013,0.338,FB0000021D000000,True,0,False,False
19.447867,2,foc,,-0.004,0.338,FB0000021D000000,True,0,False,False
19.447904,2,foc,,-0.004,-0.338,FB0000021D000000,True,0,False,False
19.497880,2,foc,,-0.004,-0.338,FB0000021D000000,True,0,False,False
19.497902,2,foc,,-0.004,0.000,FB0000021D000000,True,0,False,False
19.547866,2,foc,,-0.008,0.000,FB0000021D000000,True,0,False,False
19.547888,2,foc,,-0.008,-0.084,FB0000021D000000,True,0,False,False
19.597962,2,foc,,0.004,-0.084,FB0000021D000000,True,0,False,False
19.598002,2,foc,,0.004,0.253,FB0000021D000000,True,0,False,False
19.647791,2,foc,,-0.008,0.253,FB0000021D000000,True,0,False,False
19.647813,2,foc,,-0.008,-0.253,FB0000021D000000,True,0,False,False
19.697782,2,foc,,-0.013,-0.253,FB0000021D000000,True,0,False,False
19.697822,2,foc,,-0.013,-0.084,FB0000021D000000,True,0,False,False
19.747957,2,foc,,0.008,-0.084,FB0000021D000000,True,0,False,False
19.747991,2,foc,,0.008,0.423,FB0000021D000000,True,0,False,False
19.797870,2,foc,,0.004,0.423,FB0000021D000000,True,0,False,False
19.797891,2,foc,,0.004,-0.085,FB0000021D000000,True,0,False,False
19.847893,2,foc,,-0.004,-0.085,FB0000021D000000,True,0,False,False
19.847915,2,foc,,-0.004,-0.169,FB0000021D000000,True,0,False,False
19.898012,2,foc,,-0.004,-0.169,FB0000021D000000,True,0,False,False
19.898066,2,foc,,-0.008,-0.169,FB0000021D000000,True,0,False,False
19.898215,2,foc,,-0.008,-0.084,FB0000021D000000,True,0,False,False
19.947803,2,foc,,0.000,-0.084,FB0000021D000000,True,0,False,False
19.947836,2,foc,,0.000,0.169,FB0000021D000000,True,0,False,False
19.998039,2,foc,,0.000,0.169,FB0000021D000000,True,0,False,False
19.998095,2,foc,,0.000,0.000,FB0000021D000000,True,0,False,False
20.047900,2,foc,,0.008,0.000,FB0000021D000000,True,0,False,False
20.047926,2,foc,,0.008,0.169,FB0000021D000000,True,0,False,False
20.097819,2,foc,,0.008,0.169,FB0000021D000000,True,0,False,False
20.097840,2,foc,,0.008,0.000,FB0000021D000000,True,0,False,False
20.147807,2,foc,,0.008,0.000,FB0000021D000000,True,0,False,False
20.147855,2,foc,,0.008,0.000,FB0000021D000000,True,0,False,False
20.197687,2,foc,,-0.008,0.000,FB0000021D000000,True,0,False,False
20.197873,2,foc,,-0.008,-0.338,FB0000021D000000,True,0,False,False
20.247745,2,foc,,0.000,-0.338,FB0000021D000000,True,0,False,False
20.247788,2,foc,,0.000,0.169,FB0000021D000000,True,0,False,False
20.297869,2,foc,,0.000,0.169,FB0000021D000000,True,0,False,False
20.297889,2,foc,,0.000,0.000,FB0000021D000000,True,0,False,False
20.347843,2,foc,,0.004,0.000,FB0000021D000000,True,0,False,False
20.347878,2,foc,,0.004,0.084,FB0000021D000000,True,0,False,False
20.397761,2,foc,,0.004,0.084,FB0000021D000000,True,0,False,False
20.398004,2,foc,,-0.004,0.084,FB0000021D000000,True,0,False,False
20.398096,2,foc,,-0.004,-0.169,FB0000021D000000,True,0,False,False
20.447770,2,foc,,0.008,-0.169,FB0000021D000000,True,0,False,False
20.447802,2,foc,,0.008,0.254,FB0000021D000000,True,0,False,False
20.497902,2,foc,,-0.004,0.254,FB0000021D000000,True,0,False,False
20.497927,2,foc,,-0.004,-0.254,FB0000021D000000,True,0,False,False
20.547969,2,foc,,-0.008,-0.254,FB0000021D000000,True,0,False,False
20.547991,2,foc,,-0.008,-0.084,FB0000021D000000,True,0,False,False
20.597956,2,foc,,-0.004,-0.084,FB0000021D000000,True,0,False,False
20.597994,2,foc,,-0.004,0.084,FB0000021D000000,True,0,False,False
20.647969,2,foc,,0.000,0.084,FB0000021D000000,True,0,False,False
20.648022,2,foc,,0.000,0.084,FB0000021D000000,True,0,False,False
20.697848,2,foc,,-0.008,0.084,FB0000021D000000,True,0,False,False
20.697888,2,foc,,-0.008,-0.169,FB0000021D000000,True,0,False,False
20.747871,2,foc,,0.004,-0.169,FB0000021D000000,True,0,False,False
20.747923,2,foc,,0.004,0.253,FB0000021D000000,True,0,False,False
20.797908,2,foc,,0.000,0.253,FB0000021D000000,True,0,False,False
20.797948,2,foc,,0.000,-0.084,FB0000021D000000,True,0,False,False
20.847939,2,foc,,0.013,-0.084,FB0000021D000000,True,0,False,False
20.847985,2,foc,,0.013,0.254,FB0000021D000000,True,0,False,False
20.897848,2,foc,,0.013,0.254,FB0000021D000000,True,0,False,False
20.898065,2,foc,,0.004,0.254,FB0000021D000000,True,0,False,False
20.898228,2,foc,,0.004,-0.169,FB0000021D000000,True,0,False,False
20.947945,2,foc,,-0.004,-0.169,FB0000021D000000,True,0,False,False
20.947996,2,foc,,-0.004,-0.169,FB0000021D000000,True,0,False,False
20.998021,2,foc,,0.008,-0.169,FB0000021D000000,True,0,False,False
20.998116,2,foc,,0.008,0.254,FB0000021D000000,True,0,False,False
21.048058,2,foc,,0.000,0.254,FB0000021D000000,True,0,False,False
21.048106,2,foc,,0.000,-0.169,FB0000021D000000,True,0,False,False
21.097971,2,foc,,-0.008,-0.169,FB0000021D000000,True,0,False,False
21.098016,2,foc,,-0.008,-0.169,FB0000021D000000,True,0,False,False
21.147903,2,settle,0.0,0.004,-0.169,FB0000021D000000,True,0,False,False
21.147942,2,settle,0.0,0.004,0.253,FB0000021D000000,True,0,False,False
21.197914,2,settle,0.0,0.004,0.253,FB0000021D000000,True,0,False,False
21.197953,2,settle,0.0,0.004,0.000,FB0000021D000000,True,0,False,False
21.247831,2,settle,0.0,0.004,0.000,FB0000021D000000,True,0,False,False
21.247865,2,settle,0.0,0.004,0.000,FB0000021D000000,True,0,False,False
21.297776,2,settle,0.0,-0.004,0.000,FB0000021D000000,True,0,False,False
21.297796,2,settle,0.0,-0.004,-0.169,FB0000021D000000,True,0,False,False
21.347867,2,settle,0.0,-0.004,-0.169,FB0000021D000000,True,0,False,False
21.347947,2,settle,0.0,-0.004,0.000,FB0000021D000000,True,0,False,False
21.397795,2,settle,0.0,-0.004,0.000,FB0000021D000000,True,0,False,False
21.398047,2,settle,0.0,-0.004,0.000,FB0000021D000000,True,0,False,False
21.398081,2,settle,0.0,-0.004,0.000,FB0000021D000000,True,0,False,False
21.447773,2,settle,0.0,0.004,0.000,FB0000021D000000,True,0,False,False
21.447794,2,settle,0.0,0.004,0.169,FB0000021D000000,True,0,False,False
21.497869,2,settle,0.0,0.000,0.169,FB0000021D000000,True,0,False,False
21.497907,2,settle,0.0,0.000,-0.084,FB0000021D000000,True,0,False,False
21.547810,2,settle,0.0,0.000,-0.084,FB0000021D000000,True,0,False,False
21.547836,2,settle,0.0,0.000,0.000,FB0000021D000000,True,0,False,False
21.598006,2,settle,0.0,0.000,0.000,FB0000021D000000,True,0,False,False
21.598058,2,settle,0.0,0.000,0.000,FB0000021D000000,True,0,False,False
22.683818,2,response,10.0,0.000,0.000,FB0000021D000002,True,0,False,True
22.684174,2,response,10.0,0.000,0.000,FB0000021D000002,True,0,False,True
22.684199,2,response,10.0,0.000,0.000,FB0000021D000002,True,0,False,True
22.733807,2,response,10.0,0.203,0.000,FB0000021D000002,True,0,False,True
22.733835,2,response,10.0,0.203,4.057,FB0000021D000002,True,0,False,True
22.783831,2,response,10.0,0.579,4.057,FB0000021D000002,True,0,False,True
22.783858,2,response,10.0,0.579,7.521,FB0000021D000002,True,0,False,True
22.833691,2,response,10.0,0.921,7.521,FB0000021D000002,True,0,False,True
22.833764,2,response,10.0,0.921,6.845,FB0000021D000002,True,0,False,True
22.883888,2,response,10.0,1.255,6.845,FB0000021D000002,True,0,False,True
22.883934,2,response,10.0,1.255,6.676,FB0000021D000002,True,0,False,True
22.933844,2,response,10.0,1.542,6.676,FB0000021D000002,True,0,False,True
22.933873,2,response,10.0,1.542,5.747,FB0000021D000002,True,0,False,True
22.983949,2,response,10.0,1.783,5.747,FB0000021D000002,True,0,False,True
22.983983,2,response,10.0,1.783,4.817,FB0000021D000002,True,0,False,True
23.033932,2,response,10.0,1.956,4.817,FB0000021D000002,True,0,False,True
23.033964,2,response,10.0,1.956,3.465,FB0000021D000002,True,0,False,True
23.083898,2,response,10.0,2.058,3.465,FB0000021D000002,True,0,False,True
23.083948,2,response,10.0,2.058,2.028,FB0000021D000002,True,0,False,True
23.134122,2,response,10.0,2.100,2.028,FB0000021D000002,True,0,False,True
23.134209,2,response,10.0,2.100,0.845,FB0000021D000002,True,0,False,True
23.184063,2,response,10.0,2.125,0.845,FB0000021D000002,True,0,False,True
23.184148,2,response,10.0,2.125,0.507,FB0000021D000002,True,0,False,True
23.184168,2,response,10.0,2.125,0.507,FB0000021D000002,True,0,False,True
23.233980,2,response,10.0,2.134,0.507,FB0000021D000002,True,0,False,True
23.234064,2,response,10.0,2.134,0.169,FB0000021D000002,True,0,False,True
23.284024,2,response,10.0,2.147,0.169,FB0000021D000002,True,0,False,True
23.284112,2,response,10.0,2.147,0.253,FB0000021D000002,True,0,False,True
23.334073,2,response,10.0,2.155,0.253,FB0000021D000002,True,0,False,True
23.334160,2,response,10.0,2.155,0.169,FB0000021D000002,True,0,False,True
23.383978,2,response,10.0,2.159,0.169,FB0000021D000002,True,0,False,True
23.384066,2,response,10.0,2.159,0.085,FB0000021D000002,True,0,False,True
23.434167,2,response,10.0,2.172,0.085,FB0000021D000002,True,0,False,True
23.434255,2,response,10.0,2.172,0.254,FB0000021D000002,True,0,False,True
23.483992,2,response,10.0,2.168,0.254,FB0000021D000002,True,0,False,True
23.484069,2,response,10.0,2.168,-0.085,FB0000021D000002,True,0,False,True
23.534167,2,response,10.0,2.168,-0.085,FB0000021D000002,True,0,False,True
23.534254,2,response,10.0,2.168,0.000,FB0000021D000002,True,0,False,True
23.584048,2,response,10.0,2.172,0.000,FB0000021D000002,True,0,False,True
23.584131,2,response,10.0,2.172,0.085,FB0000021D000002,True,0,False,True
23.634093,2,response,10.0,2.172,0.085,FB0000021D000002,True,0,False,True
23.634179,2,response,10.0,2.172,0.000,FB0000021D000002,True,0,False,True
23.684028,2,response,10.0,2.172,0.000,FB0000021D000002,True,0,False,True
23.684230,2,response,10.0,2.172,0.000,FB0000021D000002,True,0,False,True
23.684254,2,response,10.0,2.172,0.000,FB0000021D000002,True,0,False,True
23.734126,2,response,10.0,2.176,0.000,FB0000021D000002,True,0,False,True
23.734329,2,response,10.0,2.176,0.084,FB0000021D000002,True,0,False,True
23.784124,2,response,10.0,2.176,0.084,FB0000021D000002,True,0,False,True
23.784464,2,response,10.0,2.176,0.000,FB0000021D000002,True,0,False,True
23.834085,2,response,10.0,2.176,0.000,FB0000021D000002,True,0,False,True
23.834175,2,response,10.0,2.176,0.000,FB0000021D000002,True,0,False,True
23.884062,2,response,10.0,2.197,0.000,FB0000021D000002,True,0,False,True
23.884159,2,response,10.0,2.197,0.423,FB0000021D000002,True,0,False,True
23.933946,2,response,10.0,2.189,0.423,FB0000021D000002,True,0,False,True
23.934035,2,response,10.0,2.189,-0.169,FB0000021D000002,True,0,False,True
23.984013,2,response,10.0,2.185,-0.169,FB0000021D000002,True,0,False,True
23.984100,2,response,10.0,2.185,-0.084,FB0000021D000002,True,0,False,True
24.034174,2,response,10.0,2.176,-0.084,FB0000021D000002,True,0,False,True
24.034315,2,response,10.0,2.176,-0.169,FB0000021D000002,True,0,False,True
24.084079,2,response,10.0,2.180,-0.169,FB0000021D000002,True,0,False,True
24.084160,2,response,10.0,2.180,0.084,FB0000021D000002,True,0,False,True
24.134160,2,response,10.0,2.185,0.084,FB0000021D000002,True,0,False,True
24.134248,2,response,10.0,2.185,0.084,FB0000021D000002,True,0,False,True
24.184017,2,response,10.0,2.185,0.084,FB0000021D000002,True,0,False,True
24.184100,2,response,10.0,2.185,0.000,FB0000021D000002,True,0,False,True
24.184123,2,response,10.0,2.185,0.000,FB0000021D000002,True,0,False,True
24.234180,2,response,10.0,2.180,0.000,FB0000021D000002,True,0,False,True
24.234319,2,response,10.0,2.180,-0.084,FB0000021D000002,True,0,False,True
24.284016,2,response,10.0,2.189,-0.084,FB0000021D000002,True,0,False,True
24.284107,2,response,10.0,2.189,0.169,FB0000021D000002,True,0,False,True
24.334116,2,response,10.0,2.193,0.169,FB0000021D000002,True,0,False,True
24.334203,2,response,10.0,2.193,0.085,FB0000021D000002,True,0,False,True
24.383982,2,response,0.0,2.197,0.085,FB0000021D000002,True,0,False,True
24.384055,2,response,0.0,2.197,0.084,FB0000021D000002,True,0,False,True
24.434095,2,response,0.0,2.193,0.084,FB0000021D000002,True,0,False,True
24.434182,2,response,0.0,2.193,-0.084,FB0000021D000002,True,0,False,True
24.484048,2,response,0.0,2.185,-0.084,FB0000021D000002,True,0,False,True
24.484192,2,response,0.0,2.185,-0.169,FB0000021D000002,True,0,False,True
24.534040,2,response,0.0,2.189,-0.169,FB0000021D000002,True,0,False,True
24.534126,2,response,0.0,2.189,0.084,FB0000021D000002,True,0,False,True
24.584010,2,response,0.0,2.180,0.084,FB0000021D000002,True,0,False,True
24.584089,2,response,0.0,2.180,-0.169,FB0000021D000002,True,0,False,True
24.634161,2,response,0.0,2.185,-0.169,FB0000021D000002,True,0,False,True
24.634368,2,response,0.0,2.185,0.084,FB0000021D000002,True,0,False,True
24.684066,2,response,0.0,2.189,0.084,FB0000021D000002,True,0,False,True
24.684115,2,response,0.0,2.189,0.084,FB0000021D000002,True,0,False,True
24.684123,2,response,0.0,2.189,0.084,FB0000021D000002,True,0,False,True
24.734041,2,response,0.0,2.189,0.084,FB0000021D000002,True,0,False,True
24.734117,2,response,0.0,2.189,0.000,FB0000021D000002,True,0,False,True
24.784193,2,response,0.0,2.180,0.000,FB0000021D000002,True,0,False,True
24.784291,2,response,0.0,2.180,-0.169,FB0000021D000002,True,0,False,True
24.834124,2,response,0.0,2.185,-0.169,FB0000021D000002,True,0,False,True
24.834211,2,response,0.0,2.185,0.084,FB0000021D000002,True,0,False,True
24.884117,2,response,0.0,2.172,0.084,FB0000021D000002,True,0,False,True
24.884210,2,response,0.0,2.172,-0.253,FB0000021D000002,True,0,False,True
24.934023,2,response,0.0,2.172,-0.253,FB0000021D000002,True,0,False,True
24.934073,2,response,0.0,2.172,0.000,FB0000021D000002,True,0,False,True
24.984183,2,response,0.0,2.180,0.000,FB0000021D000002,True,0,False,True
24.984305,2,response,0.0,2.180,0.169,FB0000021D000002,True,0,False,True
25.034064,2,response,0.0,2.176,0.169,FB0000021D000002,True,0,False,True
25.034153,2,response,0.0,2.176,-0.084,FB0000021D000002,True,0,False,True
25.083847,2,response,-10.0,2.180,-0.084,FB0000021D000002,True,0,False,True
25.083928,2,response,-10.0,2.180,0.084,FB0000021D000002,True,0,False,True
25.133949,2,response,-10.0,2.142,0.084,FB0000021D000002,True,0,False,True
25.134033,2,response,-10.0,2.142,-0.761,FB0000021D000002,True,0,False,True
25.183916,2,response,-10.0,2.117,-0.761,FB0000021D000002,True,0,False,True
25.183991,2,response,-10.0,2.117,-0.507,FB0000021D000002,True,0,False,True
25.184008,2,response,-10.0,2.117,-0.507,FB0000021D000002,True,0,False,True
25.233909,2,response,-10.0,2.096,-0.507,FB0000021D000002,True,0,False,True
25.233980,2,response,-10.0,2.096,-0.423,FB0000021D000002,True,0,False,True
25.283874,2,response,-10.0,2.079,-0.423,FB0000021D000002,True,0,False,True
25.283947,2,response,-10.0,2.079,-0.338,FB0000021D000002,True,0,False,True
25.333771,2,response,-10.0,2.062,-0.338,FB0000021D000002,True,0,False,True
25.333836,2,response,-10.0,2.062,-0.338,FB0000021D000002,True,0,False,True
25.383969,2,response,-10.0,2.045,-0.338,FB0000021D000002,True,0,False,True
25.384038,2,response,-10.0,2.045,-0.338,FB0000021D000002,True,0,False,True
25.433929,2,response,-10.0,2.011,-0.338,FB0000021D000002,True,0,False,True
25.433979,2,response,-10.0,2.011,-0.676,FB0000021D000002,True,0,False,True
25.484059,2,response,-10.0,1.969,-0.676,FB0000021D000002,True,0,False,True
25.484194,2,response,-10.0,1.969,-0.845,FB0000021D000002,True,0,False,True
25.534006,2,response,-10.0,1.923,-0.845,FB0000021D000002,True,0,False,True
25.534047,2,response,-10.0,1.923,-0.930,FB0000021D000002,True,0,False,True
25.584005,2,response,-10.0,1.872,-0.930,FB0000021D000002,True,0,False,True
25.584046,2,response,-10.0,1.872,-1.014,FB0000021D000002,True,0,False,True
25.633965,2,response,-10.0,1.796,-1.014,FB0000021D000002,True,0,False,True
25.634009,2,response,-10.0,1.796,-1.521,FB0000021D000002,True,0,False,True
25.683912,2,response,-10.0,1.686,-1.521,FB0000021D000002,True,0,False,True
25.683935,2,response,-10.0,1.686,-2.197,FB0000021D000002,True,0,False,True
25.683960,2,response,-10.0,1.686,-2.197,FB0000021D000002,True,0,False,True
25.733960,2,response,-10.0,1.551,-2.197,FB0000021D000002,True,0,False,True
25.734006,2,response,-10.0,1.551,-2.704,FB0000021D000002,True,0,False,True
25.784153,2,response,-10.0,1.403,-2.704,FB0000021D000002,True,0,False,True
25.784244,2,response,-10.0,1.403,-2.958,FB0000021D000002,True,0,False,True
25.834148,2,response,-10.0,1.247,-2.958,FB0000021D000002,True,0,False,True
25.834238,2,response,-10.0,1.247,-3.127,FB0000021D000002,True,0,False,True
25.884047,2,response,-10.0,1.069,-3.127,FB0000021D000002,True,0,False,True
25.884126,2,response,-10.0,1.069,-3.549,FB0000021D000002,True,0,False,True
25.934215,2,response,-10.0,0.875,-3.549,FB0000021D000002,True,0,False,True
25.934336,2,response,-10.0,0.875,-3.887,FB0000021D000002,True,0,False,True
25.984150,2,response,-10.0,0.651,-3.887,FB0000021D000002,True,0,False,True
25.984239,2,response,-10.0,0.651,-4.479,FB0000021D000002,True,0,False,True
26.033987,2,response,-10.0,0.448,-4.479,FB0000021D000002,True,0,False,True
26.034062,2,response,-10.0,0.448,-4.057,FB0000021D000002,True,0,False,True
26.084119,2,response,-10.0,0.203,-4.057,FB0000021D000002,True,0,False,True
26.084204,2,response,-10.0,0.203,-4.902,FB0000021D000002,True,0,False,True
26.134060,2,response,-10.0,-0.021,-4.902,FB0000021D000002,True,0,False,True
26.134144,2,response,-10.0,-0.021,-4.479,FB0000021D000002,True,0,False,True
26.184138,2,response,-10.0,-0.021,-4.479,FB0000021D000002,True,0,False,True
26.184301,2,response,-10.0,-0.283,-4.479,FB0000021D000002,True,0,False,True
26.184328,2,response,-10.0,-0.283,-5.240,FB0000021D000002,True,0,False,True
26.234226,2,response,-10.0,-0.528,-5.240,FB0000021D000002,True,0,False,True
26.234303,2,response,-10.0,-0.528,-4.902,FB0000021D000002,True,0,False,True
26.284035,2,response,-10.0,-0.752,-4.902,FB0000021D000002,True,0,False,True
26.284122,2,response,-10.0,-0.752,-4.479,FB0000021D000002,True,0,False,True
26.334161,2,response,-10.0,-0.997,-4.479,FB0000021D000002,True,0,False,True
26.334251,2,response,-10.0,-0.997,-4.902,FB0000021D000002,True,0,False,True
26.384136,2,response,-10.0,-1.230,-4.902,FB0000021D000002,True,0,False,True
26.384225,2,response,-10.0,-1.230,-4.648,FB0000021D000002,True,0,False,True
26.433866,2,response,-10.0,-1.466,-4.648,FB0000021D000002,True,0,False,True
26.433916,2,response,-10.0,-1.466,-4.733,FB0000021D000002,True,0,False,True
26.484052,2,response,-10.0,-1.690,-4.733,FB0000021D000002,True,0,False,True
26.484247,2,response,-10.0,-1.690,-4.479,FB0000021D000002,True,0,False,True
26.533957,2,response,-10.0,-1.901,-4.479,FB0000021D000002,True,0,False,True
26.534049,2,response,-10.0,-1.901,-4.225,FB0000021D000002,True,0,False,True
26.584059,2,response,-10.0,-2.070,-4.225,FB0000021D000002,True,0,False,True
26.584268,2,response,-10.0,-2.070,-3.380,FB0000021D000002,True,0,False,True
26.634028,2,response,-10.0,-2.223,-3.380,FB0000021D000002,True,0,False,True
26.634123,2,response,-10.0,-2.223,-3.042,FB0000021D000002,True,0,False,True
26.684068,2,response,-10.0,-2.223,-3.042,FB0000021D000002,True,0,False,True
26.684186,2,response,-10.0,-2.337,-3.042,FB0000021D000002,True,0,False,True
26.684330,2,response,-10.0,-2.337,-2.282,FB0000021D000002,True,0,False,True
26.734175,2,response,-10.0,-2.404,-2.282,FB0000021D000002,True,0,False,True
26.734392,2,response,-10.0,-2.404,-1.352,FB0000021D000002,True,0,False,True
26.784174,2,response,-10.0,-2.434,-1.352,FB0000021D000002,True,0,False,True
26.784388,2,response,-10.0,-2.434,-0.592,FB0000021D000002,True,0,False,True
26.834159,2,response,-10.0,-2.459,-0.592,FB0000021D000002,True,0,False,True
26.834248,2,response,-10.0,-2.459,-0.507,FB0000021D000002,True,0,False,True
26.884184,2,response,-10.0,-2.468,-0.507,FB0000021D000002,True,0,False,True
26.884442,2,response,-10.0,-2.468,-0.169,FB0000021D000002,True,0,False,True
26.934153,2,response,-10.0,-2.468,-0.169,FB0000021D000002,True,0,False,True
26.934249,2,response,-10.0,-2.468,0.000,FB0000021D000002,True,0,False,True
26.983940,2,response,-10.0,-2.463,0.000,FB0000021D000002,True,0,False,True
26.984012,2,response,-10.0,-2.463,0.085,FB0000021D000002,True,0,False,True
27.034080,2,response,-10.0,-2.468,0.085,FB0000021D000002,True,0,False,True
27.034174,2,response,-10.0,-2.468,-0.085,FB0000021D000002,True,0,False,True
27.083944,2,response,0.0,-2.468,-0.085,FB0000021D000002,True,0,False,True
27.083988,2,response,0.0,-2.468,0.000,FB0000021D000002,True,0,False,True
27.133929,2,response,0.0,-2.451,0.000,FB0000021D000002,True,0,False,True
27.133998,2,response,0.0,-2.451,0.338,FB0000021D000002,True,0,False,True
27.183888,2,response,0.0,-2.438,0.338,FB0000021D000002,True,0,False,True
27.183912,2,response,0.0,-2.438,0.254,FB0000021D000002,True,0,False,True
27.183921,2,response,0.0,-2.438,0.254,FB0000021D000002,True,0,False,True
27.233891,2,response,0.0,-2.442,0.254,FB0000021D000002,True,0,False,True
27.233914,2,response,0.0,-2.442,-0.085,FB0000021D000002,True,0,False,True
27.283919,2,response,0.0,-2.438,-0.085,FB0000021D000002,True,0,False,True
27.283962,2,response,0.0,-2.438,0.085,FB0000021D000002,True,0,False,True
27.333910,2,response,0.0,-2.434,0.085,FB0000021D000002,True,0,False,True
27.333950,2,response,0.0,-2.434,0.084,FB0000021D000002,True,0,False,True
27.384005,2,response,0.0,-2.430,0.084,FB0000021D000002,True,0,False,True
27.384040,2,response,0.0,-2.430,0.085,FB0000021D000002,True,0,False,True
27.434034,2,response,0.0,-2.434,0.085,FB0000021D000002,True,0,False,True
27.434074,2,response,0.0,-2.434,-0.085,FB0000021D000002,True,0,False,True
27.483917,2,response,0.0,-2.434,-0.085,FB0000021D000002,True,0,False,True
27.483951,2,response,0.0,-2.434,0.000,FB0000021D000002,True,0,False,True
27.534002,2,response,0.0,-2.451,0.000,FB0000021D000002,True,0,False,True
27.534083,2,response,0.0,-2.451,-0.338,FB0000021D000002,True,0,False,True
27.584140,2,response,0.0,-2.430,-0.338,FB0000021D000002,True,0,False,True
27.584228,2,response,0.0,-2.430,0.423,FB0000021D000002,True,0,False,True
27.633803,2,response,0.0,-2.447,0.423,FB0000021D000002,True,0,False,True
27.633878,2,response,0.0,-2.447,-0.338,FB0000021D000002,True,0,False,True
27.684006,2,response,0.0,-2.430,-0.338,FB0000021D000002,True,0,False,True
27.684088,2,response,0.0,-2.430,0.338,FB0000021D000002,True,0,False,True
27.684107,2,response,0.0,-2.430,0.338,FB0000021D000002,True,0,False,True
27.733831,2,response,0.0,-2.438,0.338,FB0000021D000002,True,0,False,True
27.733904,2,response,0.0,-2.438,-0.169,FB0000021D000002,True,0,False,True
27.839771,2,cleanup,0.0,-2.434,-0.169,FB0000021D000002,True,0,False,True
27.839836,2,cleanup,0.0,-2.434,0.084,FB0000021D000002,True,0,False,True
27.839854,2,cleanup,0.0,-2.438,0.084,FB0000021D000002,True,0,False,True
27.839919,2,cleanup,0.0,-2.438,-0.084,FB0000021D000002,True,0,False,True
27.883937,2,cleanup,0.0,-2.438,-0.084,FB0000021D000002,True,0,False,True
27.884018,2,cleanup,0.0,-2.438,0.000,FB0000021D000002,True,0,False,True
27.933920,2,cleanup,0.0,-2.425,0.000,FB0000021D000002,True,0,False,True
27.933993,2,cleanup,0.0,-2.425,0.254,FB0000021D000002,True,0,False,True
27.984041,2,cleanup,0.0,-2.430,0.254,FB0000021D000002,True,0,False,True
27.984124,2,cleanup,0.0,-2.430,-0.084,FB0000021D000002,True,0,False,True
28.034245,2,cleanup,0.0,-2.438,-0.084,FB0000021D000002,True,0,False,True
28.034328,2,cleanup,0.0,-2.438,-0.169,FB0000021D000002,True,0,False,True
28.084045,2,cleanup,0.0,-2.425,-0.169,FB0000021D000002,True,0,False,True
28.084180,2,cleanup,0.0,-2.425,0.254,FB0000021D000002,True,0,False,True
28.133920,2,cleanup,0.0,-2.434,0.254,FB0000021D000002,True,0,False,True
28.133988,2,cleanup,0.0,-2.434,-0.169,FB0000021D000002,True,0,False,True
28.184051,2,cleanup,0.0,-2.434,-0.169,FB0000021D000000,True,0,False,False
28.184168,2,cleanup,0.0,-2.442,-0.169,FB0000021D000000,True,0,False,False
28.184194,2,cleanup,0.0,-2.442,-0.169,FB0000021D000000,True,0,False,False
28.233991,2,cleanup,0.0,-2.438,-0.169,FB0000021D000000,True,0,False,False
28.234062,2,cleanup,0.0,-2.438,0.085,FB0000021D000000,True,0,False,False
28.284057,3,settle,0.0,-2.430,0.085,FB0000021D000000,True,0,False,False
28.284143,3,settle,0.0,-2.430,0.169,FB0000021D000000,True,0,False,False
28.334193,3,settle,0.0,-2.438,0.169,FB0000021D000000,True,0,False,False
28.334271,3,settle,0.0,-2.438,-0.169,FB0000021D000000,True,0,False,False
28.384061,3,settle,0.0,-2.434,-0.169,FB0000021D000000,True,0,False,False
28.384145,3,settle,0.0,-2.434,0.084,FB0000021D000000,True,0,False,False
28.434143,3,settle,0.0,-2.434,0.084,FB0000021D000000,True,0,False,False
28.434217,3,settle,0.0,-2.434,0.000,FB0000021D000000,True,0,False,False
28.483994,3,settle,0.0,-2.438,0.000,FB0000021D000000,True,0,False,False
28.484078,3,settle,0.0,-2.438,-0.084,FB0000021D000000,True,0,False,False
28.534195,3,settle,0.0,-2.434,-0.084,FB0000021D000000,True,0,False,False
28.534268,3,settle,0.0,-2.434,0.084,FB0000021D000000,True,0,False,False
28.584051,3,settle,0.0,-2.434,0.084,FB0000021D000000,True,0,False,False
28.584137,3,settle,0.0,-2.434,0.000,FB0000021D000000,True,0,False,False
28.633963,3,settle,0.0,-2.430,0.000,FB0000021D000000,True,0,False,False
28.634051,3,settle,0.0,-2.430,0.085,FB0000021D000000,True,0,False,False
28.683926,3,settle,0.0,-2.438,0.085,FB0000021D000000,True,0,False,False
28.684003,3,settle,0.0,-2.438,-0.169,FB0000021D000000,True,0,False,False
28.684021,3,settle,0.0,-2.438,-0.169,FB0000021D000000,True,0,False,False
28.733959,3,settle,0.0,-2.434,-0.169,FB0000021D000000,True,0,False,False
28.734040,3,settle,0.0,-2.434,0.084,FB0000021D000000,True,0,False,False
33.021797,3,foc,,-2.434,0.084,FB0000021D000000,True,0,False,False
33.022001,3,foc,,0.000,0.084,FB0000021D000000,True,0,False,False
33.022029,3,foc,,0.000,-0.201,FB0000021D000000,True,0,False,False
33.070740,3,foc,,0.004,-0.201,FB0000021D000000,True,0,False,False
33.070778,3,foc,,0.004,0.085,FB0000021D000000,True,0,False,False
33.120652,3,foc,,0.013,0.085,FB0000021D000000,True,0,False,False
33.120695,3,foc,,0.013,0.169,FB0000021D000000,True,0,False,False
33.170825,3,foc,,0.008,0.169,FB0000021D000000,True,0,False,False
33.170863,3,foc,,0.008,-0.085,FB0000021D000000,True,0,False,False
33.220718,3,foc,,-0.004,-0.085,FB0000021D000000,True,0,False,False
33.220757,3,foc,,-0.004,-0.254,FB0000021D000000,True,0,False,False
33.270968,3,foc,,0.008,-0.254,FB0000021D000000,True,0,False,False
33.271016,3,foc,,0.008,0.254,FB0000021D000000,True,0,False,False
33.320787,3,foc,,0.000,0.254,FB0000021D000000,True,0,False,False
33.320832,3,foc,,0.000,-0.169,FB0000021D000000,True,0,False,False
33.370948,3,foc,,0.004,-0.169,FB0000021D000000,True,0,False,False
33.370998,3,foc,,0.004,0.085,FB0000021D000000,True,0,False,False
33.420722,3,foc,,0.004,0.085,FB0000021D000000,True,0,False,False
33.420744,3,foc,,0.004,0.000,FB0000021D000000,True,0,False,False
33.470948,3,foc,,0.008,0.000,FB0000021D000000,True,0,False,False
33.470997,3,foc,,0.008,0.084,FB0000021D000000,True,0,False,False
33.520785,3,foc,,0.008,0.084,FB0000021D000000,True,0,False,False
33.520916,3,foc,,0.004,0.084,FB0000021D000000,True,0,False,False
33.521123,3,foc,,0.004,-0.084,FB0000021D000000,True,0,False,False
33.570750,3,foc,,0.004,-0.084,FB0000021D000000,True,0,False,False
33.570771,3,foc,,0.004,0.000,FB0000021D000000,True,0,False,False
33.620800,3,foc,,0.013,0.000,FB0000021D000000,True,0,False,False
33.620839,3,foc,,0.013,0.169,FB0000021D000000,True,0,False,False
33.670908,3,foc,,0.008,0.169,FB0000021D000000,True,0,False,False
33.670957,3,foc,,0.008,-0.085,FB0000021D000000,True,0,False,False
33.720997,3,foc,,0.008,-0.085,FB0000021D000000,True,0,False,False
33.721076,3,foc,,0.008,0.000,FB0000021D000000,True,0,False,False
33.770791,3,foc,,0.017,0.000,FB0000021D000000,True,0,False,False
33.770829,3,foc,,0.017,0.169,FB0000021D000000,True,0,False,False
33.820714,3,foc,,0.013,0.169,FB0000021D000000,True,0,False,False
33.820751,3,foc,,0.013,-0.084,FB0000021D000000,True,0,False,False
33.870754,3,foc,,0.013,-0.084,FB0000021D000000,True,0,False,False
33.870791,3,foc,,0.013,0.000,FB0000021D000000,True,0,False,False
33.920714,3,foc,,0.008,0.000,FB0000021D000000,True,0,False,False
33.920753,3,foc,,0.008,-0.085,FB0000021D000000,True,0,False,False
33.970707,3,foc,,0.008,-0.085,FB0000021D000000,True,0,False,False
33.970766,3,foc,,0.008,0.000,FB0000021D000000,True,0,False,False
34.020825,3,foc,,0.008,0.000,FB0000021D000000,True,0,False,False
34.021092,3,foc,,0.013,0.000,FB0000021D000000,True,0,False,False
34.021118,3,foc,,0.013,0.085,FB0000021D000000,True,0,False,False
34.070835,3,foc,,0.004,0.085,FB0000021D000000,True,0,False,False
34.070873,3,foc,,0.004,-0.169,FB0000021D000000,True,0,False,False
34.120747,3,foc,,0.004,-0.169,FB0000021D000000,True,0,False,False
34.120789,3,foc,,0.004,0.000,FB0000021D000000,True,0,False,False
34.170997,3,foc,,0.004,0.000,FB0000021D000000,True,0,False,False
34.171047,3,foc,,0.004,0.000,FB0000021D000000,True,0,False,False
34.220713,3,foc,,0.004,0.000,FB0000021D000000,True,0,False,False
34.220751,3,foc,,0.004,0.000,FB0000021D000000,True,0,False,False
34.270962,3,foc,,0.000,0.000,FB0000021D000000,True,0,False,False
34.271010,3,foc,,0.000,-0.085,FB0000021D000000,True,0,False,False
34.320875,3,foc,,0.008,-0.085,FB0000021D000000,True,0,False,False
34.320912,3,foc,,0.008,0.169,FB0000021D000000,True,0,False,False
34.370857,3,foc,,0.021,0.169,FB0000021D000000,True,0,False,False
34.370894,3,foc,,0.021,0.254,FB0000021D000000,True,0,False,False
34.420818,3,foc,,0.013,0.254,FB0000021D000000,True,0,False,False
34.420858,3,foc,,0.013,-0.169,FB0000021D000000,True,0,False,False
34.470877,3,foc,,0.008,-0.169,FB0000021D000000,True,0,False,False
34.470915,3,foc,,0.008,-0.085,FB0000021D000000,True,0,False,False
34.520805,3,foc,,0.013,-0.085,FB0000021D000000,True,0,False,False
34.520824,3,foc,,0.013,0.085,FB0000021D000000,True,0,False,False
34.520880,3,foc,,0.013,0.085,FB0000021D000000,True,0,False,False
34.570860,3,foc,,0.025,0.085,FB0000021D000000,True,0,False,False
34.570898,3,foc,,0.025,0.254,FB0000021D000000,True,0,False,False
34.620843,3,foc,,0.021,0.254,FB0000021D000000,True,0,False,False
34.620884,3,foc,,0.021,-0.084,FB0000021D000000,True,0,False,False
34.670872,3,foc,,0.030,-0.084,FB0000021D000000,True,0,False,False
34.670917,3,foc,,0.030,0.169,FB0000021D000000,True,0,False,False
34.720741,3,foc,,0.025,0.169,FB0000021D000000,True,0,False,False
34.720768,3,foc,,0.025,-0.085,FB0000021D000000,True,0,False,False
34.770906,3,foc,,0.017,-0.085,FB0000021D000000,True,0,False,False
34.770970,3,foc,,0.017,-0.169,FB0000021D000000,True,0,False,False
34.820878,3,foc,,0.017,-0.169,FB0000021D000000,True,0,False,False
34.820925,3,foc,,0.017,0.000,FB0000021D000000,True,0,False,False
34.870731,3,foc,,0.025,0.000,FB0000021D000000,True,0,False,False
34.870751,3,foc,,0.025,0.169,FB0000021D000000,True,0,False,False
34.920766,3,foc,,0.025,0.169,FB0000021D000000,True,0,False,False
34.920840,3,foc,,0.025,0.000,FB0000021D000000,True,0,False,False
34.970752,3,foc,,0.025,0.000,FB0000021D000000,True,0,False,False
34.970790,3,foc,,0.025,0.000,FB0000021D000000,True,0,False,False
35.020888,3,foc,,0.025,0.000,FB0000021D000000,True,0,False,False
35.020963,3,foc,,0.025,0.000,FB0000021D000000,True,0,False,False
35.021038,3,foc,,0.025,0.000,FB0000021D000000,True,0,False,False
35.070698,3,foc,,0.025,0.000,FB0000021D000000,True,0,False,False
35.070755,3,foc,,0.025,0.000,FB0000021D000000,True,0,False,False
35.120754,3,foc,,0.034,0.000,FB0000021D000000,True,0,False,False
35.120776,3,foc,,0.034,0.169,FB0000021D000000,True,0,False,False
35.170879,3,foc,,0.017,0.169,FB0000021D000000,True,0,False,False
35.170927,3,foc,,0.017,-0.338,FB0000021D000000,True,0,False,False
35.220769,3,foc,,0.025,-0.338,FB0000021D000000,True,0,False,False
35.220792,3,foc,,0.025,0.169,FB0000021D000000,True,0,False,False
35.270717,3,settle,0.0,0.013,0.169,FB0000021D000000,True,0,False,False
35.270739,3,settle,0.0,0.013,-0.254,FB0000021D000000,True,0,False,False
35.320656,3,settle,0.0,0.025,-0.254,FB0000021D000000,True,0,False,False
35.320834,3,settle,0.0,0.025,0.254,FB0000021D000000,True,0,False,False
35.370713,3,settle,0.0,0.021,0.254,FB0000021D000000,True,0,False,False
35.370752,3,settle,0.0,0.021,-0.084,FB0000021D000000,True,0,False,False
35.420649,3,settle,0.0,0.013,-0.084,FB0000021D000000,True,0,False,False
35.420669,3,settle,0.0,0.013,-0.169,FB0000021D000000,True,0,False,False
35.471004,3,settle,0.0,0.025,-0.169,FB0000021D000000,True,0,False,False
35.471053,3,settle,0.0,0.025,0.254,FB0000021D000000,True,0,False,False
35.520740,3,settle,0.0,0.017,0.254,FB0000021D000000,True,0,False,False
35.520772,3,settle,0.0,0.017,-0.169,FB0000021D000000,True,0,False,False
35.520875,3,settle,0.0,0.017,-0.169,FB0000021D000000,True,0,False,False
35.570728,3,settle,0.0,0.025,-0.169,FB0000021D000000,True,0,False,False
35.570754,3,settle,0.0,0.025,0.169,FB0000021D000000,True,0,False,False
35.620706,3,settle,0.0,0.021,0.169,FB0000021D000000,True,0,False,False
35.620748,3,settle,0.0,0.021,-0.084,FB0000021D000000,True,0,False,False
35.670893,3,settle,0.0,0.004,-0.084,FB0000021D000000,True,0,False,False
35.670931,3,settle,0.0,0.004,-0.338,FB0000021D000000,True,0,False,False
35.720761,3,settle,0.0,0.021,-0.338,FB0000021D000000,True,0,False,False
35.720798,3,settle,0.0,0.021,0.338,FB0000021D000000,True,0,False,False
36.800860,3,response,10.0,0.021,0.338,FB0000021D000002,True,0,False,True
36.801117,3,response,10.0,0.025,0.338,FB0000021D000002,True,0,False,True
36.801143,3,response,10.0,0.025,0.004,FB0000021D000002,True,0,False,True
36.850673,3,response,10.0,0.241,0.004,FB0000021D000002,True,0,False,True
36.850722,3,response,10.0,0.241,4.310,FB0000021D000002,True,0,False,True
36.900833,3,response,10.0,0.621,4.310,FB0000021D000002,True,0,False,True
36.900859,3,response,10.0,0.621,7.606,FB0000021D000002,True,0,False,True
36.950738,3,response,10.0,0.972,7.606,FB0000021D000002,True,0,False,True
36.950776,3,response,10.0,0.972,7.014,FB0000021D000002,True,0,False,True
37.000867,3,response,10.0,1.285,7.014,FB0000021D000002,True,0,False,True
37.000955,3,response,10.0,1.285,6.254,FB0000021D000002,True,0,False,True
37.050831,3,response,10.0,1.572,6.254,FB0000021D000002,True,0,False,True
37.050856,3,response,10.0,1.572,5.747,FB0000021D000002,True,0,False,True
37.100781,3,response,10.0,1.804,5.747,FB0000021D000002,True,0,False,True
37.100805,3,response,10.0,1.804,4.648,FB0000021D000002,True,0,False,True
37.150796,3,response,10.0,1.986,4.648,FB0000021D000002,True,0,False,True
37.150837,3,response,10.0,1.986,3.634,FB0000021D000002,True,0,False,True
37.200833,3,response,10.0,2.113,3.634,FB0000021D000002,True,0,False,True
37.200890,3,response,10.0,2.113,2.535,FB0000021D000002,True,0,False,True
37.250805,3,response,10.0,2.193,2.535,FB0000021D000002,True,0,False,True
37.250852,3,response,10.0,2.193,1.606,FB0000021D000002,True,0,False,True
37.300746,3,response,10.0,2.223,1.606,FB0000021D000002,True,0,False,True
37.300786,3,response,10.0,2.223,0.592,FB0000021D000002,True,0,False,True
37.300809,3,response,10.0,2.223,0.592,FB0000021D000002,True,0,False,True
37.350953,3,response,10.0,2.227,0.592,FB0000021D000002,True,0,False,True
37.351040,3,response,10.0,2.227,0.084,FB0000021D000002,True,0,False,True
37.400954,3,response,10.0,2.235,0.084,FB0000021D000002,True,0,False,True
37.401010,3,response,10.0,2.235,0.169,FB0000021D000002,True,0,False,True
37.450734,3,response,10.0,2.235,0.169,FB0000021D000002,True,0,False,True
37.450779,3,response,10.0,2.235,0.000,FB0000021D000002,True,0,False,True
37.500721,3,response,10.0,2.240,0.000,FB0000021D000002,True,0,False,True
37.500757,3,response,10.0,2.240,0.084,FB0000021D000002,True,0,False,True
37.550888,3,response,10.0,2.240,0.084,FB0000021D000002,True,0,False,True
37.550938,3,response,10.0,2.240,0.000,FB0000021D000002,True,0,False,True
37.600836,3,response,10.0,2.244,0.000,FB0000021D000002,True,0,False,True
37.600892,3,response,10.0,2.244,0.084,FB0000021D000002,True,0,False,True
37.650739,3,response,10.0,2.248,0.084,FB0000021D000002,True,0,False,True
37.650817,3,response,10.0,2.248,0.085,FB0000021D000002,True,0,False,True
37.700754,3,response,10.0,2.244,0.085,FB0000021D000002,True,0,False,True
37.700778,3,response,10.0,2.244,-0.085,FB0000021D000002,True,0,False,True
37.750856,3,response,10.0,2.244,-0.085,FB0000021D000002,True,0,False,True
37.750902,3,response,10.0,2.244,0.000,FB0000021D000002,True,0,False,True
37.800737,3,response,10.0,2.256,0.000,FB0000021D000002,True,0,False,True
37.800775,3,response,10.0,2.256,0.254,FB0000021D000002,True,0,False,True
37.800933,3,response,10.0,2.256,0.254,FB0000021D000002,True,0,False,True
37.851087,3,response,10.0,2.248,0.254,FB0000021D000002,True,0,False,True
37.851140,3,response,10.0,2.248,-0.169,FB0000021D000002,True,0,False,True
37.900742,3,response,10.0,2.261,-0.169,FB0000021D000002,True,0,False,True
37.900777,3,response,10.0,2.261,0.254,FB0000021D000002,True,0,False,True
37.950662,3,response,10.0,2.248,0.254,FB0000021D000002,True,0,False,True
37.950714,3,response,10.0,2.248,-0.254,FB0000021D000002,True,0,False,True
38.000721,3,response,10.0,2.265,-0.254,FB0000021D000002,True,0,False,True
38.000797,3,response,10.0,2.265,0.338,FB0000021D000002,True,0,False,True
38.050738,3,response,10.0,2.261,0.338,FB0000021D000002,True,0,False,True
38.050818,3,response,10.0,2.261,-0.084,FB0000021D000002,True,0,False,True
38.100708,3,response,10.0,2.261,-0.084,FB0000021D000002,True,0,False,True
38.100748,3,response,10.0,2.261,0.000,FB0000021D000002,True,0,False,True
38.151051,3,response,10.0,2.256,0.000,FB0000021D000002,True,0,False,True
38.151145,3,response,10.0,2.256,-0.084,FB0000021D000002,True,0,False,True
38.200945,3,response,10.0,2.256,-0.084,FB0000021D000002,True,0,False,True
38.201035,3,response,10.0,2.256,0.000,FB0000021D000002,True,0,False,True
38.250828,3,response,10.0,2.248,0.000,FB0000021D000002,True,0,False,True
38.250862,3,response,10.0,2.248,-0.169,FB0000021D000002,True,0,False,True
38.300909,3,response,10.0,2.269,-0.169,FB0000021D000002,True,0,False,True
38.300949,3,response,10.0,2.269,0.423,FB0000021D000002,True,0,False,True
38.300987,3,response,10.0,2.269,0.423,FB0000021D000002,True,0,False,True
38.350937,3,response,10.0,2.248,0.423,FB0000021D000002,True,0,False,True
38.350980,3,response,10.0,2.248,-0.423,FB0000021D000002,True,0,False,True
38.401077,3,response,10.0,2.261,-0.423,FB0000021D000002,True,0,False,True
38.401135,3,response,10.0,2.261,0.254,FB0000021D000002,True,0,False,True
38.450969,3,response,10.0,2.265,0.254,FB0000021D000002,True,0,False,True
38.451024,3,response,10.0,2.265,0.084,FB0000021D000002,True,0,False,True
38.500873,3,response,0.0,2.265,0.084,FB0000021D000002,True,0,False,True
38.500914,3,response,0.0,2.265,0.000,FB0000021D000002,True,0,False,True
38.550909,3,response,0.0,2.248,0.000,FB0000021D000002,True,0,False,True
38.550978,3,response,0.0,2.248,-0.338,FB0000021D000002,True,0,False,True
38.600855,3,response,0.0,2.261,-0.338,FB0000021D000002,True,0,False,True
38.600894,3,response,0.0,2.261,0.254,FB0000021D000002,True,0,False,True
38.650781,3,response,0.0,2.256,0.254,FB0000021D000002,True,0,False,True
38.650826,3,response,0.0,2.256,-0.084,FB0000021D000002,True,0,False,True
38.700726,3,response,0.0,2.261,-0.084,FB0000021D000002,True,0,False,True
38.700761,3,response,0.0,2.261,0.084,FB0000021D000002,True,0,False,True
38.750777,3,response,0.0,2.244,0.084,FB0000021D000002,True,0,False,True
38.750818,3,response,0.0,2.244,-0.338,FB0000021D000002,True,0,False,True
38.800817,3,response,0.0,2.252,-0.338,FB0000021D000002,True,0,False,True
38.800878,3,response,0.0,2.252,0.169,FB0000021D000002,True,0,False,True
38.800888,3,response,0.0,2.252,0.169,FB0000021D000002,True,0,False,True
38.850961,3,response,0.0,2.261,0.169,FB0000021D000002,True,0,False,True
38.851020,3,response,0.0,2.261,0.169,FB0000021D000002,True,0,False,True
38.900951,3,response,0.0,2.252,0.169,FB0000021D000002,True,0,False,True
38.900999,3,response,0.0,2.252,-0.169,FB0000021D000002,True,0,False,True
38.950843,3,response,0.0,2.256,-0.169,FB0000021D000002,True,0,False,True
38.950875,3,response,0.0,2.256,0.085,FB0000021D000002,True,0,False,True
39.000747,3,response,0.0,2.248,0.085,FB0000021D000002,True,0,False,True
39.000839,3,response,0.0,2.248,-0.169,FB0000021D000002,True,0,False,True
39.050942,3,response,0.0,2.252,-0.169,FB0000021D000002,True,0,False,True
39.050981,3,response,0.0,2.252,0.084,FB0000021D000002,True,0,False,True
39.100824,3,response,0.0,2.252,0.084,FB0000021D000002,True,0,False,True
39.100852,3,response,0.0,2.252,0.000,FB0000021D000002,True,0,False,True
39.150907,3,response,0.0,2.256,0.000,FB0000021D000002,True,0,False,True
39.151010,3,response,0.0,2.256,0.085,FB0000021D000002,True,0,False,True
39.200851,3,response,0.0,2.252,0.085,FB0000021D000002,True,0,False,True
39.200876,3,response,0.0,2.252,-0.085,FB0000021D000002,True,0,False,True
39.250855,3,response,-10.0,2.240,-0.085,FB0000021D000002,True,0,False,True
39.250913,3,response,-10.0,2.240,-0.254,FB0000021D000002,True,0,False,True
39.300793,3,response,-10.0,2.235,-0.254,FB0000021D000002,True,0,False,True
39.300834,3,response,-10.0,2.235,-0.084,FB0000021D000002,True,0,False,True
39.300844,3,response,-10.0,2.235,-0.084,FB0000021D000002,True,0,False,True
39.350922,3,response,-10.0,2.231,-0.084,FB0000021D000002,True,0,False,True
39.350978,3,response,-10.0,2.231,-0.084,FB0000021D000002,True,0,False,True
39.400758,3,response,-10.0,2.223,-0.084,FB0000021D000002,True,0,False,True
39.400782,3,response,-10.0,2.223,-0.169,FB0000021D000002,True,0,False,True
39.450792,3,response,-10.0,2.227,-0.169,FB0000021D000002,True,0,False,True
39.450834,3,response,-10.0,2.227,0.084,FB0000021D000002,True,0,False,True
39.500678,3,response,-10.0,2.231,0.084,FB0000021D000002,True,0,False,True
39.500721,3,response,-10.0,2.231,0.084,FB0000021D000002,True,0,False,True
39.550921,3,response,-10.0,2.231,0.084,FB0000021D000002,True,0,False,True
39.550975,3,response,-10.0,2.231,0.000,FB0000021D000002,True,0,False,True
39.600909,3,response,-10.0,2.227,0.000,FB0000021D000002,True,0,False,True
39.600947,3,response,-10.0,2.227,-0.084,FB0000021D000002,True,0,False,True
39.650807,3,response,-10.0,2.210,-0.084,FB0000021D000002,True,0,False,True
39.650846,3,response,-10.0,2.210,-0.338,FB0000021D000002,True,0,False,True
39.700904,3,response,-10.0,2.214,-0.338,FB0000021D000002,True,0,False,True
39.700942,3,response,-10.0,2.214,0.085,FB0000021D000002,True,0,False,True
39.751062,3,response,-10.0,2.206,0.085,FB0000021D000002,True,0,False,True
39.751147,3,response,-10.0,2.206,-0.169,FB0000021D000002,True,0,False,True
39.800824,3,response,-10.0,2.206,-0.169,FB0000021D000002,True,0,False,True
39.800862,3,response,-10.0,2.206,0.000,FB0000021D000002,True,0,False,True
39.800901,3,response,-10.0,2.206,0.000,FB0000021D000002,True,0,False,True
39.851095,3,response,-10.0,2.206,0.000,FB0000021D000002,True,0,False,True
39.851151,3,response,-10.0,2.206,0.000,FB0000021D000002,True,0,False,True
39.900773,3,response,-10.0,2.206,0.000,FB0000021D000002,True,0,False,True
39.900809,3,response,-10.0,2.206,0.000,FB0000021D000002,True,0,False,True
39.950865,3,response,-10.0,2.193,0.000,FB0000021D000002,True,0,False,True
39.950918,3,response,-10.0,2.193,-0.253,FB0000021D000002,True,0,False,True
40.000763,3,response,-10.0,2.180,-0.253,FB0000021D000002,True,0,False,True
40.000791,3,response,-10.0,2.180,-0.254,FB0000021D000002,True,0,False,True
40.050770,3,response,-10.0,2.163,-0.254,FB0000021D000002,True,0,False,True
40.050866,3,response,-10.0,2.163,-0.338,FB0000021D000002,True,0,False,True
40.100875,3,response,-10.0,2.147,-0.338,FB0000021D000002,True,0,False,True
40.100961,3,response,-10.0,2.147,-0.338,FB0000021D000002,True,0,False,True
40.150886,3,response,-10.0,2.134,-0.338,FB0000021D000002,True,0,False,True
40.150979,3,response,-10.0,2.134,-0.254,FB0000021D000002,True,0,False,True
40.200851,3,response,-10.0,2.092,-0.254,FB0000021D000002,True,0,False,True
40.200891,3,response,-10.0,2.092,-0.845,FB0000021D000002,True,0,False,True
40.250703,3,response,-10.0,2.049,-0.845,FB0000021D000002,True,0,False,True
40.250760,3,response,-10.0,2.049,-0.845,FB0000021D000002,True,0,False,True
40.300741,3,response,-10.0,1.927,-0.845,FB0000021D000002,True,0,False,True
40.300780,3,response,-10.0,1.927,-2.451,FB0000021D000002,True,0,False,True
40.300803,3,response,-10.0,1.927,-2.451,FB0000021D000002,True,0,False,True
40.350798,3,response,-10.0,1.749,-2.451,FB0000021D000002,True,0,False,True
40.350838,3,response,-10.0,1.749,-3.549,FB0000021D000002,True,0,False,True
40.400714,3,response,-10.0,1.530,-3.549,FB0000021D000002,True,0,False,True
40.400750,3,response,-10.0,1.530,-4.395,FB0000021D000002,True,0,False,True
40.450790,3,response,-10.0,1.285,-4.395,FB0000021D000002,True,0,False,True
40.450857,3,response,-10.0,1.285,-4.902,FB0000021D000002,True,0,False,True
40.500801,3,response,-10.0,1.001,-4.902,FB0000021D000002,True,0,False,True
40.500840,3,response,-10.0,1.001,-5.662,FB0000021D000002,True,0,False,True
40.550750,3,response,-10.0,0.714,-5.662,FB0000021D000002,True,0,False,True
40.550820,3,response,-10.0,0.714,-5.747,FB0000021D000002,True,0,False,True
40.600857,3,response,-10.0,0.410,-5.747,FB0000021D000002,True,0,False,True
40.600900,3,response,-10.0,0.410,-6.085,FB0000021D000002,True,0,False,True
40.650859,3,response,-10.0,0.101,-6.085,FB0000021D000002,True,0,False,True
40.650903,3,response,-10.0,0.101,-6.169,FB0000021D000002,True,0,False,True
40.700813,3,response,-10.0,-0.228,-6.169,FB0000021D000002,True,0,False,True
40.700879,3,response,-10.0,-0.228,-6.592,FB0000021D000002,True,0,False,True
40.750742,3,response,-10.0,-0.549,-6.592,FB0000021D000002,True,0,False,True
40.750785,3,response,-10.0,-0.549,-6.423,FB0000021D000002,True,0,False,True
40.800775,3,response,-10.0,-0.549,-6.423,FB0000021D000002,True,0,False,True
40.801004,3,response,-10.0,-0.862,-6.423,FB0000021D000002,True,0,False,True
40.801036,3,response,-10.0,-0.862,-6.254,FB0000021D000002,True,0,False,True
40.850767,3,response,-10.0,-1.166,-6.254,FB0000021D000002,True,0,False,True
40.850809,3,response,-10.0,-1.166,-6.085,FB0000021D000002,True,0,False,True
40.900746,3,response,-10.0,-1.458,-6.085,FB0000021D000002,True,0,False,True
40.900777,3,response,-10.0,-1.458,-5.831,FB0000021D000002,True,0,False,True
40.950720,3,response,-10.0,-1.711,-5.831,FB0000021D000002,True,0,False,True
40.950802,3,response,-10.0,-1.711,-5.071,FB0000021D000002,True,0,False,True
41.000692,3,response,-10.0,-1.935,-5.071,FB0000021D000002,True,0,False,True
41.000822,3,response,-10.0,-1.935,-4.479,FB0000021D000002,True,0,False,True
41.050777,3,response,-10.0,-2.172,-4.479,FB0000021D000002,True,0,False,True
41.050819,3,response,-10.0,-2.172,-4.733,FB0000021D000002,True,0,False,True
41.100822,3,response,-10.0,-2.320,-4.733,FB0000021D000002,True,0,False,True
41.100862,3,response,-10.0,-2.320,-2.958,FB0000021D000002,True,0,False,True
41.150688,3,response,-10.0,-2.341,-2.958,FB0000021D000002,True,0,False,True
41.150721,3,response,-10.0,-2.341,-0.423,FB0000021D000002,True,0,False,True
41.200849,3,response,-10.0,-2.392,-0.423,FB0000021D000002,True,0,False,True
41.200894,3,response,0.0,-2.392,-1.014,FB0000021D000002,True,0,False,True
41.250778,3,response,0.0,-2.400,-1.014,FB0000021D000002,True,0,False,True
41.250803,3,response,0.0,-2.400,-0.169,FB0000021D000002,True,0,False,True
41.300768,3,response,0.0,-2.383,-0.169,FB0000021D000002,True,0,False,True
41.300817,3,response,0.0,-2.383,0.338,FB0000021D000002,True,0,False,True
41.300827,3,response,0.0,-2.383,0.338,FB0000021D000002,True,0,False,True
41.350805,3,response,0.0,-2.383,0.338,FB0000021D000002,True,0,False,True
41.350848,3,response,0.0,-2.383,0.000,FB0000021D000002,True,0,False,True
41.400727,3,response,0.0,-2.375,0.000,FB0000021D000002,True,0,False,True
41.400792,3,response,0.0,-2.375,0.169,FB0000021D000002,True,0,False,True
41.450891,3,response,0.0,-2.379,0.169,FB0000021D000002,True,0,False,True
41.450931,3,response,0.0,-2.379,-0.085,FB0000021D000002,True,0,False,True
41.500650,3,response,0.0,-2.366,-0.085,FB0000021D000002,True,0,False,True
41.500685,3,response,0.0,-2.366,0.254,FB0000021D000002,True,0,False,True
41.550741,3,response,0.0,-2.375,0.254,FB0000021D000002,True,0,False,True
41.550786,3,response,0.0,-2.375,-0.169,FB0000021D000002,True,0,False,True
41.600682,3,response,0.0,-2.379,-0.169,FB0000021D000002,True,0,False,True
41.600705,3,response,0.0,-2.379,-0.085,FB0000021D000002,True,0,False,True
41.650811,3,response,0.0,-2.375,-0.085,FB0000021D000002,True,0,False,True
41.650869,3,response,0.0,-2.375,0.085,FB0000021D000002,True,0,False,True
41.700809,3,response,0.0,-2.379,0.085,FB0000021D000002,True,0,False,True
41.700856,3,response,0.0,-2.379,-0.085,FB0000021D000002,True,0,False,True
41.750806,3,response,0.0,-2.379,-0.085,FB0000021D000002,True,0,False,True
41.750845,3,response,0.0,-2.379,0.000,FB0000021D000002,True,0,False,True
41.800816,3,response,0.0,-2.366,0.000,FB0000021D000002,True,0,False,True
41.800866,3,response,0.0,-2.366,0.254,FB0000021D000002,True,0,False,True
41.800879,3,response,0.0,-2.366,0.254,FB0000021D000002,True,0,False,True
41.850789,3,response,0.0,-2.362,0.254,FB0000021D000002,True,0,False,True
41.850852,3,response,0.0,-2.362,0.084,FB0000021D000002,True,0,False,True
41.956168,3,cleanup,0.0,-2.383,0.084,FB0000021D000002,True,0,False,True
41.956223,3,cleanup,0.0,-2.383,-0.423,FB0000021D000002,True,0,False,True
41.956232,3,cleanup,0.0,-2.375,-0.423,FB0000021D000002,True,0,False,True
41.956240,3,cleanup,0.0,-2.375,0.169,FB0000021D000002,True,0,False,True
42.000753,3,cleanup,0.0,-2.371,0.169,FB0000021D000002,True,0,False,True
42.000791,3,cleanup,0.0,-2.371,0.084,FB0000021D000002,True,0,False,True
42.050849,3,cleanup,0.0,-2.375,0.084,FB0000021D000002,True,0,False,True
42.050871,3,cleanup,0.0,-2.375,-0.084,FB0000021D000002,True,0,False,True
42.101066,3,cleanup,0.0,-2.371,-0.084,FB0000021D000002,True,0,False,True
42.101115,3,cleanup,0.0,-2.371,0.084,FB0000021D000002,True,0,False,True
42.150845,3,cleanup,0.0,-2.375,0.084,FB0000021D000002,True,0,False,True
42.150884,3,cleanup,0.0,-2.375,-0.084,FB0000021D000002,True,0,False,True
42.200764,3,cleanup,0.0,-2.375,-0.084,FB0000021D000002,True,0,False,True
42.200790,3,cleanup,0.0,-2.375,0.000,FB0000021D000002,True,0,False,True
42.250819,3,cleanup,0.0,-2.383,0.000,FB0000021D000002,True,0,False,True
42.250849,3,cleanup,0.0,-2.383,-0.169,FB0000021D000002,True,0,False,True
42.300965,3,cleanup,0.0,-2.375,-0.169,FB0000021D000002,True,0,False,True
42.301026,3,cleanup,0.0,-2.375,0.169,FB0000021D000002,True,0,False,True
42.301034,3,cleanup,0.0,-2.375,0.169,FB0000021D000000,True,0,False,False
42.351031,3,cleanup,0.0,-2.371,0.169,FB0000021D000000,True,0,False,False
42.351110,3,cleanup,0.0,-2.371,0.084,FB0000021D000000,True,0,False,False
