t_s,target_deg,angle_deg,velocity_deg_s,diag_hex,fault,armed,need_calibration
9.954001143341884e-06,89.99990045998857,89.898,0.0,FB0101011F000001,0,False,False
0.05021087400018587,89.49789125999814,89.899,0.001,FB0101011F000003,0,True,False
0.10036147299979348,88.99638527000207,89.895,-0.088,FB0101011F000003,0,True,False
0.15047929000138538,88.49520709998615,89.836,-1.187,FB0101011F000003,0,True,False
0.200653350999346,87.99346649000654,89.726,-2.197,FB0101011F000003,0,True,False
0.25082590600140975,87.4917409399859,89.572,-3.076,FB0101011F000003,0,True,False
0.3011280730024737,86.98871926997526,89.354,-4.368,FB0101011F000003,0,True,False
0.35135233999972115,86.48647660000279,89.089,-5.291,FB0101011F000003,0,True,False
0.4015105450016563,85.98489454998344,88.813,-5.528,FB0101011F000003,0,True,False
0.45163583099929383,85.48364169000706,88.512,-6.012,FB0101011F000003,0,True,False
0.5019096220021311,84.98090377997869,88.188,-6.478,FB0101011F000003,0,True,False
0.5521306100017682,84.47869389998232,87.839,-6.987,FB0101011F000003,0,True,False
0.6022852240021166,83.97714775997883,87.466,-7.462,FB0101011F000003,0,True,False
0.6524061080017418,83.47593891998258,87.042,-8.473,FB0101011F000003,0,True,False
0.7026059880008688,82.97394011999131,86.58,-9.237,FB0101011F000003,0,True,False
0.7527371780015528,82.47262821998447,86.11,-9.413,FB0101011F000003,0,True,False
0.802852567001537,81.97147432998463,85.685,-8.49,FB0101011F000003,0,True,False
0.852985940000508,81.47014059999492,85.298,-7.734,FB0101011F000003,0,True,False
0.9031201110010443,80.96879888998956,84.964,-6.688,FB0101011F000003,0,True,False
0.9532660790027876,80.46733920997212,84.595,-7.374,FB0101011F000003,0,True,False
1.0034854719997384,79.96514528000262,84.091,-10.081,FB0101011F000003,0,True,False
1.0536123960009718,79.46387603999028,83.386,-14.098,FB0101011F000003,0,True,False
1.103891950002435,78.96108049997565,82.702,-13.693,FB0101011F000003,0,True,False
1.154115167002601,78.45884832997399,82.074,-12.551,FB0101011F000003,0,True,False
1.2042387980000058,77.95761201999994,81.496,-11.558,FB0101011F000003,0,True,False
1.2543470400014485,77.45652959998552,80.96,-10.714,FB0101011F000003,0,True,False
1.3045673320011701,76.9543266799883,80.449,-10.222,FB0101011F000003,0,True,False
1.3547538540005917,76.45246145999408,79.942,-10.143,FB0101011F000003,0,True,False
1.4050288700018427,75.94971129998157,79.425,-10.345,FB0101011F000003,0,True,False
1.455148962999374,75.44851037000626,78.924,-10.011,FB0101011F000003,0,True,False
1.5053461910029,74.946538089971,78.496,-8.561,FB0101011F000003,0,True,False
1.5555375580006512,74.44462441999349,78.122,-7.497,FB0101011F000003,0,True,False
1.605810567001754,73.94189432998246,77.797,-6.495,FB0101011F000003,0,True,False
1.6561307510019105,73.4386924899809,77.463,-6.671,FB0101011F000003,0,True,False
1.7062617880001199,72.9373821199988,77.019,-8.877,FB0101011F000003,0,True,False
1.7564200080014416,72.43579991998558,76.385,-12.691,FB0101011F000003,0,True,False
1.8064977739995811,71.93502226000419,75.7,-13.702,FB0101011F000003,0,True,False
1.8565724100008083,71.43427589999192,75.063,-12.735,FB0101011F000003,0,True,False
1.906749703000969,70.93250296999031,74.481,-11.645,FB0101011F000003,0,True,False
1.956907482999668,70.43092517000332,73.954,-10.529,FB0101011F000003,0,True,False
2.0070978370022203,69.9290216299778,73.45,-10.09,FB0101011F000003,0,True,False
2.0572013660021184,69.42798633997882,72.962,-9.756,FB0101011F000003,0,True,False
2.1072785550022672,68.92721444997733,72.455,-10.143,FB0101011F000003,0,True,False
2.1573602400021628,68.42639759997837,71.949,-10.116,FB0101011F000003,0,True,False
2.2075296090006304,67.9247039099937,71.487,-9.237,FB0101011F000003,0,True,False
2.2576030640011595,67.4239693599884,71.087,-7.998,FB0101011F000003,0,True,False
2.3077684130003036,66.92231586999696,70.752,-6.715,FB0101011F000003,0,True,False
2.3579306610008643,66.42069338999136,70.425,-6.521,FB0101011F000003,0,True,False
2.4080928210023558,65.91907178997644,70.026,-7.998,FB0101011F000003,0,True,False
2.4581794460027595,65.4182055399724,69.463,-11.241,FB0101011F000003,0,True,False
2.508378034002817,64.91621965997183,68.777,-13.737,FB0101011F000003,0,True,False
2.5585477900021942,64.41452209997806,68.125,-13.034,FB0101011F000003,0,True,False
2.608621501000016,63.91378498999984,67.525,-11.997,FB0101011F000003,0,True,False
2.6588187900015328,63.41181209998467,66.989,-10.714,FB0101011F000003,0,True,False
2.7089819300017552,62.91018069998245,66.485,-10.081,FB0101011F000003,0,True,False
2.7591841160028707,62.40815883997129,65.99,-9.905,FB0101011F000003,0,True,False
2.8092589270017925,61.907410729982075,65.487,-10.055,FB0101011F000003,0,True,False
2.8594171080003434,61.405828919996566,64.976,-10.23,FB0101011F000003,0,True,False
2.909582501000841,60.90417498999159,64.486,-9.8,FB0101011F000003,0,True,False
2.9598128020006698,60.4018719799933,64.055,-8.622,FB0101011F000003,0,True,False
3.010109991999343,59.89890008000657,63.677,-7.55,FB0101011F000003,0,True,False
3.0603476430005685,59.396523569994315,63.35,-6.539,FB0101011F000003,0,True,False
3.1105667040028493,58.89433295997151,62.986,-7.277,FB0101011F000003,0,True,False
3.1607556580020173,58.39244341997983,62.493,-9.861,FB0101011F000003,0,True,False
3.2109395600018615,57.890604399981385,61.838,-13.113,FB0101011F000003,0,True,False
3.261150534002809,57.38849465997191,61.16,-13.553,FB0101011F000003,0,True,False
3.311367207999865,56.88632792000135,60.547,-12.252,FB0101011F000003,0,True,False
3.3615436559994123,56.38456344000588,59.987,-11.215,FB0101011F000003,0,True,False
3.4118157220000285,55.881842779999715,59.466,-10.415,FB0101011F000003,0,True,False
3.462000324001565,55.37999675998435,58.966,-10.002,FB0101011F000003,0,True,False
3.5122600620015874,54.877399379984126,58.482,-9.668,FB0101011F000003,0,True,False
3.5623943110003893,54.37605688999611,57.978,-10.09,FB0101011F000003,0,True,False
3.612556088002748,53.87443911997252,57.478,-9.993,FB0101011F000003,0,True,False
3.6627400680008577,53.37259931999142,57.02,-9.167,FB0101011F000003,0,True,False
3.713002814001811,52.86997185998189,56.617,-8.051,FB0101011F000003,0,True,False
3.7631146070016257,52.36885392998374,56.287,-6.601,FB0101011F000003,0,True,False
3.8133347149996553,51.86665285000345,55.963,-6.495,FB0101011F000003,0,True,False
3.863524952001171,51.36475047998829,55.541,-8.437,FB0101011F000003,0,True,False
3.913748539001972,50.86251460998028,54.95,-11.813,FB0101011F000003,0,True,False
3.9639264680008637,50.36073531999136,54.256,-13.878,FB0101011F000003,0,True,False
4.0142170950020954,49.857829049979046,53.61,-12.92,FB0101011F000003,0,True,False
4.064434816002176,49.355651839978236,53.008,-12.05,FB0101011F000003,0,True,False
4.114708700999472,48.85291299000528,52.468,-10.802,FB0101011F000003,0,True,False
4.164881525000965,48.35118474999035,51.955,-10.248,FB0101011F000003,0,True,False
4.215175802000886,47.848241979991144,51.463,-9.844,FB0101011F000003,0,True,False
4.265278848000889,47.347211519991106,50.964,-9.984,FB0101011F000003,0,True,False
4.3155524089997925,46.844475910002075,50.462,-10.046,FB0101011F000003,0,True,False
4.365796152000257,46.34203847999743,49.987,-9.483,FB0101011F000003,0,True,False
4.415974700001243,45.84025299998757,49.564,-8.473,FB0101011F000003,0,True,False
4.466055339002196,45.33944660997804,49.2,-7.269,FB0101011F000003,0,True,False
4.5162127440016775,44.837872559983225,48.872,-6.557,FB0101011F000003,0,True,False
4.566357806001179,44.33642193998821,48.49,-7.646,FB0101011F000003,0,True,False
4.61643297900082,43.835670209991804,47.966,-10.477,FB0101011F000003,0,True,False
4.6665009440002905,43.334990559997095,47.304,-13.236,FB0101011F000003,0,True,False
4.7166128429998935,42.833871570001065,46.647,-13.157,FB0101011F000003,0,True,False
4.766794961000414,42.33205038999586,46.039,-12.146,FB0101011F000003,0,True,False
4.816971650001506,41.830283499984944,45.493,-10.934,FB0101011F000003,0,True,False
4.867047653002373,41.329523469976266,44.979,-10.266,FB0101011F000003,0,True,False
4.917213489999995,40.827865100000054,44.483,-9.932,FB0101011F000003,0,True,False
4.967297687002429,40.327023129975714,43.992,-9.817,FB0101011F000003,0,True,False
5.017374106002535,39.82625893997465,43.484,-10.16,FB0101011F000003,0,True,False
5.06744244100264,39.325575589973596,42.991,-9.861,FB0101011F000003,0,True,False
5.117530307001289,38.824696929987105,42.544,-8.938,FB0101011F000003,0,True,False
5.167804952001461,38.32195047998539,42.15,-7.884,FB0101011F000003,0,True,False
5.218118107000919,37.81881892999081,41.806,-6.882,FB0101011F000003,0,True,False
5.268218779001472,37.31781220998528,41.459,-6.935,FB0101011F000003,0,True,False
5.318351820002135,36.81648179997865,40.998,-9.211,FB0101011F000003,0,True,False
5.368494596001256,36.315054039987444,40.371,-12.542,FB0101011F000003,0,True,False
5.418802694002807,35.81197305997193,39.693,-13.561,FB0101011F000003,0,True,False
5.469170724001742,35.30829275998258,39.072,-12.419,FB0101011F000003,0,True,False
5.519288514002255,34.807114859977446,38.5,-11.435,FB0101011F000003,0,True,False
5.569570859999658,34.30429140000342,37.979,-10.424,FB0101011F000003,0,True,False
5.619686067002476,33.80313932997524,37.47,-10.178,FB0101011F000003,0,True,False
5.669885278999573,33.301147210004274,36.98,-9.8,FB0101011F000003,0,True,False
5.720087801000773,32.79912198999227,36.478,-10.055,FB0101011F000003,0,True,False
5.770307001999754,32.29692998000246,35.984,-9.879,FB0101011F000003,0,True,False
5.820497217002412,31.79502782997588,35.525,-9.167,FB0101011F000003,0,True,False
5.870655775001069,31.29344224998931,35.112,-8.262,FB0101011F000003,0,True,False
5.92082923000271,30.791707699972903,34.753,-7.181,FB0101011F000003,0,True,False
5.971121995000431,30.2887800499957,34.412,-6.829,FB0101011F000003,0,True,False
6.021305373000359,29.786946269996413,34.013,-7.98,FB0101011F000003,0,True,False
6.071461745999841,29.285382540001592,33.442,-11.426,FB0101011F000003,0,True,False
6.121632835001947,28.783671649980533,32.754,-13.746,FB0101011F000003,0,True,False
6.171923851001338,28.280761489986617,32.11,-12.885,FB0101011F000003,0,True,False
6.22212673499962,27.778732650003803,31.517,-11.865,FB0101011F000003,0,True,False
6.272298064002825,27.277019359971746,30.982,-10.696,FB0101011F000003,0,True,False
6.322439001000021,26.775609989999793,30.477,-10.099,FB0101011F000003,0,True,False
6.372599254002125,26.274007459978748,29.989,-9.765,FB0101011F000003,0,True,False
6.422918117001245,25.770818829987547,29.491,-9.958,FB0101011F000003,0,True,False
6.473085566001828,25.26914433998172,28.983,-10.16,FB0101011F000003,0,True,False
6.52319334600179,24.7680665399821,28.502,-9.624,FB0101011F000003,0,True,False
6.573264740000013,24.267352599999867,28.065,-8.728,FB0101011F000003,0,True,False
6.623338380999485,23.766616190005152,27.689,-7.515,FB0101011F000003,0,True,False
6.673413636002806,23.26586363997194,27.365,-6.486,FB0101011F000003,0,True,False
6.723484030000691,22.76515969999309,27.01,-7.11,FB0101011F000003,0,True,False
6.773572679001518,22.26427320998482,26.514,-9.914,FB0101011F000003,0,True,False
6.823738183000387,21.76261816999613,25.849,-13.298,FB0101011F000003,0,True,False
6.873833511999692,21.26166488000308,25.176,-13.465,FB0101011F000003,0,True,False
6.924023886000214,20.759761139997863,24.565,-12.217,FB0101011F000003,0,True,False
6.97423885399985,20.2576114600015,23.992,-11.461,FB0101011F000003,0,True,False
7.02431825000167,19.7568174999833,23.474,-10.354,FB0101011F000003,0,True,False
7.07440808300089,19.255919169991103,22.982,-9.844,FB0101011F000003,0,True,False
7.124716214999353,18.752837850006472,22.485,-9.949,FB0101011F000003,0,True,False
7.174882384002558,18.25117615997442,21.971,-10.274,FB0101011F000003,0,True,False
7.225087648999761,17.74912351000239,21.47,-10.02,FB0101011F000003,0,True,False
7.2753085309996095,17.246914690003905,21.017,-9.062,FB0101011F000003,0,True,False
7.325385030999314,16.74614969000686,20.62,-7.945,FB0101011F000003,0,True,False
7.375460101000499,16.24539898999501,20.284,-6.706,FB0101011F000003,0,True,False
7.425534478999907,15.744655210000928,19.954,-6.609,FB0101011F000003,0,True,False
7.475607375999971,15.243926240000292,19.528,-8.525,FB0101011F000003,0,True,False
7.525681458002509,14.743185419974907,18.925,-12.041,FB0101011F000003,0,True,False
7.5758849770027155,14.241150229972845,18.24,-13.702,FB0101011F000003,0,True,False
7.626052408999385,13.73947591000615,17.601,-12.788,FB0101011F000003,0,True,False
7.676211121000961,13.237888789990393,17.011,-11.804,FB0101011F000003,0,True,False
7.726313768002001,12.736862319979991,16.483,-10.564,FB0101011F000003,0,True,False
7.776389475002361,12.23610524997639,15.973,-10.187,FB0101011F000003,0,True,False
7.826457678002043,11.735423219979566,15.488,-9.703,FB0101011F000003,0,True,False
7.876624388001801,11.23375611998199,14.977,-10.222,FB0101011F000003,0,True,False
7.926835599002516,10.731644009974843,14.463,-10.283,FB0101011F000003,0,True,False
7.976906239000527,10.230937609994726,13.986,-9.527,FB0101011F000003,0,True,False
8.02710344300067,9.728965569993306,13.565,-8.42,FB0101011F000003,0,True,False
8.07718688100067,9.228131189993292,13.207,-7.163,FB0101011F000003,0,True,False
8.12726073399972,8.727392660002806,12.876,-6.636,FB0101011F000003,0,True,False
8.17733880400192,8.2266119599808,12.5,-7.506,FB0101011F000003,0,True,False
8.227412357002322,7.725876429976779,11.969,-10.617,FB0101011F000003,0,True,False
8.27748513700135,7.225148629986506,11.308,-13.219,FB0101011F000003,0,True,False
8.32756068299932,6.724393170006806,10.649,-13.184,FB0101011F000003,0,True,False
8.377632370000356,6.223676299996441,10.045,-12.094,FB0101011F000003,0,True,False
8.427792495000176,5.722075049998239,9.495,-10.995,FB0101011F000003,0,True,False
8.477956216000166,5.22043783999834,8.98,-10.292,FB0101011F000003,0,True,False
8.528135552001913,4.718644479980867,8.481,-9.984,FB0101011F000003,0,True,False
8.578201027001342,4.217989729986584,7.989,-9.844,FB0101011F000003,0,True,False
8.628369625999767,3.7163037400023313,7.484,-10.09,FB0101011F000003,0,True,False
8.678441213000042,3.215587869999581,6.99,-9.879,FB0101011F000003,0,True,False
8.728519145002792,2.7148085499720764,6.547,-8.868,FB0101011F000003,0,True,False
8.778719237001496,2.2128076299850363,6.153,-7.875,FB0101011F000003,0,True,False
8.828879067001253,1.7112093299874687,5.821,-6.645,FB0101011F000003,0,True,False
8.87896229100079,1.2103770899921074,5.489,-6.636,FB0101011F000003,0,True,False
8.929136250000738,0.7086374999926193,5.05,-8.789,FB0101011F000003,0,True,False
8.979217668002093,0.20782331997907022,4.448,-12.032,FB0101011F000003,0,True,False
9.029341339999519,-0.29341339999520244,4.081,-7.339,FB0101011F000003,0,True,False
9.079422924001847,-0.794229240018467,3.538,-10.872,FB0101011F000003,0,True,False
9.129525196000031,-1.2952519600003143,2.953,-11.689,FB0101011F000003,0,True,False
9.179602836000413,-1.7960283600041151,2.388,-11.294,FB0101011F000003,0,True,False
9.22967751500255,-2.2967751500254963,1.847,-10.828,FB0101011F000003,0,True,False
9.279848725000193,-2.7984872500019264,1.323,-10.485,FB0101011F000003,0,True,False
9.330015343002742,-3.3001534300274216,0.786,-10.731,FB0101011F000003,0,True,False
9.380195096000534,-3.8019509600053425,0.236,-11.013,FB0101011F000003,0,True,False
9.430269868000323,-4.302698680003232,-0.281,-10.336,FB0101011F000003,0,True,False
9.480346775002545,-4.8034677500254475,-0.751,-9.387,FB0101011F000003,0,True,False
9.53042280199952,-5.304228019995207,-1.151,-8.007,FB0101011F000003,0,True,False
9.580497171002207,-5.804971710022073,-1.499,-6.952,FB0101011F000003,0,True,False
9.63057684100204,-6.3057684100203915,-1.879,-7.611,FB0101011F000003,0,True,False
9.680754802000592,-6.807548020005925,-2.424,-10.89,FB0101011F000003,0,True,False
9.730860780000512,-7.30860780000512,-3.11,-13.729,FB0101011F000003,0,True,False
9.781045916002768,-7.8104591600276905,-3.78,-13.403,FB0101011F000003,0,True,False
9.831230343999778,-8.312303439997791,-4.395,-12.296,FB0101011F000003,0,True,False
9.881348283000989,-8.813482830009889,-4.959,-11.276,FB0101011F000003,0,True,False
9.931477251000615,-9.31477251000615,-5.487,-10.564,FB0101011F000003,0,True,False
9.981631430000562,-9.816314300005615,-5.988,-10.028,FB0101011F000003,0,True,False
10.031875261000096,-10.318752610000956,-6.494,-10.116,FB0101011F000003,0,True,False
10.082166478001454,-10.821664780014544,-7.009,-10.301,FB0101011F000003,0,True,False
10.13227882800129,-11.322788280012901,-7.495,-9.721,FB0101011F000003,0,True,False
10.182547562999389,-11.825475629993875,-7.945,-9.0,FB0101011F000003,0,True,False
10.232733032000397,-12.327330320003966,-8.317,-7.436,FB0101011F000003,0,True,False
10.282932297002844,-12.829322970028429,-8.639,-6.442,FB0101011F000003,0,True,False
10.333237886999996,-13.332378869999957,-8.973,-6.68,FB0101011F000003,0,True,False
10.38336662400252,-13.83366624002521,-9.454,-9.615,FB0101011F000003,0,True,False
10.43352195099942,-14.335219509994204,-10.127,-13.456,FB0101011F000003,0,True,False
10.48379645300156,-14.837964530015597,-10.822,-13.913,FB0101011F000003,0,True,False
10.534107613002561,-15.341076130025613,-11.44,-12.349,FB0101011F000003,0,True,False
10.584202589001507,-15.842025890015066,-12.008,-11.364,FB0101011F000003,0,True,False
10.634361538999656,-16.343615389996557,-12.536,-10.556,FB0101011F000003,0,True,False
10.684563835002336,-16.845638350023364,-13.033,-9.949,FB0101011F000003,0,True,False
10.734729808002157,-17.347298080021574,-13.522,-9.765,FB0101011F000003,0,True,False
10.78492033600196,-17.849203360019615,-14.025,-10.063,FB0101011F000003,0,True,False
10.835154375999991,-18.3515437599999,-14.522,-9.949,FB0101011F000003,0,True,False
10.88527554400207,-18.8527554400207,-14.983,-9.211,FB0101011F000003,0,True,False
10.935404277999623,-19.354042779996234,-15.382,-7.989,FB0101011F000003,0,True,False
10.985515230000601,-19.85515230000601,-15.725,-6.855,FB0101011F000003,0,True,False
11.035619744001451,-20.356197440014526,-16.047,-6.434,FB0101011F000003,0,True,False
11.085781265999685,-20.85781265999684,-16.478,-8.622,FB0101011F000003,0,True,False
11.135937791001197,-21.359377910011958,-17.095,-12.34,FB0101011F000003,0,True,False
11.186212603002787,-21.862126030027866,-17.783,-13.764,FB0101011F000003,0,True,False
11.236359884002013,-22.36359884002013,-18.412,-12.577,FB0101011F000003,0,True,False
11.286483238000073,-22.864832380000735,-18.994,-11.654,FB0101011F000003,0,True,False
11.336605406999297,-23.366054069992956,-19.529,-10.696,FB0101011F000003,0,True,False
11.38688366399947,-23.868836639994697,-20.035,-10.107,FB0101011F000003,0,True,False
11.437167200001568,-24.37167200001568,-20.52,-9.712,FB0101011F000003,0,True,False
11.48728927800039,-24.872892780003895,-21.015,-9.888,FB0101011F000003,0,True,False
11.537423732999741,-25.374237329997413,-21.521,-10.125,FB0101011F000003,0,True,False
11.587614648000454,-25.876146480004536,-21.998,-9.545,FB0101011F000003,0,True,False
11.637802768000256,-26.37802768000256,-22.428,-8.596,FB0101011F000003,0,True,False
11.687995828000567,-26.879958280005653,-22.789,-7.216,FB0101011F000003,0,True,False
11.738270886002283,-27.38270886002283,-23.11,-6.416,FB0101011F000003,0,True,False
11.788425505001214,-27.884255050012143,-23.483,-7.462,FB0101011F000003,0,True,False
11.838584912002261,-28.385849120022613,-24.012,-10.582,FB0101011F000003,0,True,False
11.888845116001903,-28.88845116001903,-24.688,-13.518,FB0101011F000003,0,True,False
11.939154862000578,-29.39154862000578,-25.347,-13.192,FB0101011F000003,0,True,False
11.989266120999673,-29.892661209996746,-25.95,-12.059,FB0101011F000003,0,True,False
12.039418043001206,-30.394180430012042,-26.514,-11.285,FB0101011F000003,0,True,False
12.08970141300233,-30.897014130023308,-27.03,-10.318,FB0101011F000003,0,True,False
12.139865107001242,-31.39865107001242,-27.519,-9.782,FB0101011F000003,0,True,False
12.1901503400004,-31.901503400004003,-28.007,-9.756,FB0101011F000003,0,True,False
12.240275132000534,-32.402751320005336,-28.522,-10.292,FB0101011F000003,0,True,False
12.290398675002507,-32.90398675002507,-29.018,-9.923,FB0101011F000003,0,True,False
12.340677300002426,-33.40677300002426,-29.469,-9.018,FB0101011F000003,0,True,False
12.390934581999318,-33.90934581999318,-29.853,-7.682,FB0101011F000003,0,True,False
12.44115051600238,-34.41150516002381,-30.179,-6.521,FB0101011F000003,0,True,False
12.491272733001097,-34.91272733001095,-30.511,-6.636,FB0101011F000003,0,True,False
12.541476243000943,-35.41476243000943,-30.971,-9.211,FB0101011F000003,0,True,False
12.59165716500138,-35.91657165001379,-31.609,-12.744,FB0101011F000003,0,True,False
12.641827086001285,-36.41827086001285,-32.284,-13.509,FB0101011F000003,0,True,False
12.69211983400237,-36.92119834002369,-32.906,-12.445,FB0101011F000003,0,True,False
12.742289394002,-37.42289394002,-33.486,-11.593,FB0101011F000003,0,True,False
12.792408393001097,-37.924083930010966,-34.017,-10.626,FB0101011F000003,0,True,False
12.842524124000192,-38.425241240001924,-34.531,-10.274,FB0101011F000003,0,True,False
12.892653418002737,-38.926534180027375,-35.022,-9.826,FB0101011F000003,0,True,False
12.942906514999777,-39.42906514999777,-35.52,-9.949,FB0101011F000003,0,True,False
12.993169650999334,-39.931696509993344,-36.023,-10.063,FB0101011F000003,0,True,False
13.043323252000846,-40.43323252000846,-36.494,-9.413,FB0101011F000003,0,True,False
13.093448700001318,-40.93448700001318,-36.907,-8.279,FB0101011F000003,0,True,False
13.143576436999865,-41.43576436999865,-37.263,-7.11,FB0101011F000003,0,True,False
13.193700265001098,-41.93700265001098,-37.584,-6.416,FB0101011F000003,0,True,False
13.243882951999694,-42.43882951999694,-37.974,-7.813,FB0101011F000003,0,True,False
13.294052498000383,-42.94052498000383,-38.538,-11.268,FB0101011F000003,0,True,False
13.344264573002874,-43.442645730028744,-39.221,-13.658,FB0101011F000003,0,True,False
13.394408344000112,-43.94408344000112,-39.868,-12.946,FB0101011F000003,0,True,False
13.444530370001303,-44.44530370001303,-40.461,-11.865,FB0101011F000003,0,True,False
13.494676505000825,-44.94676505000825,-41.004,-10.855,FB0101011F000003,0,True,False
13.54493495800125,-45.449349580012495,-41.522,-10.362,FB0101011F000003,0,True,False
13.595127775999572,-45.95127775999572,-42.017,-9.905,FB0101011F000003,0,True,False
13.645248662000085,-46.452486620000855,-42.51,-9.861,FB0101011F000003,0,True,False
13.695432446002087,-46.95432446002087,-43.01,-9.984,FB0101011F000003,0,True,False
13.745593862000533,-47.45593862000533,-43.94,-8.912,FB0101011F000003,0,True,False
13.79585718400267,-47.95857184002671,-43.94,-8.912,FB0101011F000003,0,True,False
13.846045664002304,-48.46045664002304,-44.324,-7.673,FB0101011F000003,0,True,False
13.896282693000103,-48.96282693000103,-44.66,-6.732,FB0101011F000003,0,True,False
13.946480522001366,-49.46480522001366,-45.514,-9.826,FB0101011F000003,0,True,False
13.996766362000926,-49.96766362000926,-46.167,-13.061,FB0101011F000003,0,True,False
14.047039610002685,-50.470396100026846,-46.826,-13.192,FB0101011F000003,0,True,False
14.097282324000844,-50.97282324000844,-47.436,-12.19,FB0101011F000003,0,True,False
14.147511179002322,-51.47511179002322,-48.007,-11.417,FB0101011F000003,0,True,False
14.197718458999589,-51.977184589995886,-48.535,-10.564,FB0101011F000003,0,True,False
14.247901085000194,-52.47901085000194,-49.025,-9.791,FB0101011F000003,0,True,False
14.298087948001921,-52.98087948001921,-49.501,-9.527,FB0101011F000003,0,True,False
14.348284417999821,-53.48284417999821,-50.001,-10.011,FB0101011F000003,0,True,False
14.398393556999508,-53.98393556999508,-50.503,-10.028,FB0101011F000003,0,True,False
14.448479271999531,-54.48479271999531,-50.966,-9.264,FB0101011F000003,0,True,False
14.49868678400162,-54.9868678400162,-51.378,-8.235,FB0101011F000003,0,True,False
14.549009192000085,-55.49009192000085,-51.715,-6.741,FB0101011F000003,0,True,False
14.599251444000402,-55.992514440004015,-52.038,-6.469,FB0101011F000003,0,True,False
14.649414405001153,-56.49414405001153,-52.461,-8.446,FB0101011F000003,0,True,False
14.699598834002245,-56.99598834002245,-53.055,-11.892,FB0101011F000003,0,True,False
14.749858630002564,-57.498586300025636,-53.747,-13.834,FB0101011F000003,0,True,False
14.800044169001922,-58.000441690019215,-54.386,-12.788,FB0101011F000003,0,True,False
14.850222160999692,-58.50222160999692,-54.989,-12.059,FB0101011F000003,0,True,False
14.900332481000078,-59.00332481000078,-55.534,-10.898,FB0101011F000003,0,True,False
14.950458144001459,-59.50458144001459,-56.04,-10.107,FB0101011F000003,0,True,False
15.000569046002056,-60.00569046002056,-56.52,-9.615,FB0101011F000003,0,True,False
15.050835267000366,-60.50835267000366,-57.017,-9.932,FB0101011F000003,0,True,False
15.101000842001667,-61.010008420016675,-57.518,-10.02,FB0101011F000003,0,True,False
15.151330595999752,-61.513305959997524,-57.994,-9.527,FB0101011F000003,0,True,False
15.201439185999334,-62.01439185999334,-58.43,-8.719,FB0101011F000003,0,True,False
15.25151113100219,-62.515111310021894,-58.79,-7.198,FB0101011F000003,0,True,False
15.301586372999736,-63.01586372999736,-59.106,-6.328,FB0101011F000003,0,True,False
15.35174260200074,-63.517426020007406,-59.477,-7.409,FB0101011F000003,0,True,False
15.401807307000126,-64.01807307000126,-60.011,-10.679,FB0101011F000003,0,True,False
15.451872850000655,-64.51872850000655,-60.687,-13.518,FB0101011F000003,0,True,False
15.501934334002726,-65.01934334002726,-61.342,-13.096,FB0101011F000003,0,True,False
15.552098512001976,-65.52098512001976,-61.945,-12.076,FB0101011F000003,0,True,False
15.60219115700238,-66.0219115700238,-62.503,-11.145,FB0101011F000003,0,True,False
15.652260060000117,-66.52260060000117,-63.023,-10.406,FB0101011F000003,0,True,False
15.702423591999832,-67.02423591999832,-63.512,-9.773,FB0101011F000003,0,True,False
15.752505322001525,-67.52505322001525,-64.012,-10.02,FB0101011F000003,0,True,False
15.802588992002711,-68.02588992002711,-64.518,-10.107,FB0101011F000003,0,True,False
15.852657508999982,-68.52657508999982,-65.014,-9.914,FB0101011F000003,0,True,False
15.902862678001839,-69.02862678001839,-65.475,-9.228,FB0101011F000003,0,True,False
15.953036197002803,-69.53036197002803,-65.869,-7.875,FB0101011F000003,0,True,False
16.003220550999686,-70.03220550999686,-66.206,-6.741,FB0101011F000003,0,True,False
16.053285117002815,-70.53285117002815,-66.552,-6.917,FB0101011F000003,0,True,False
16.103346560001228,-71.03346560001228,-66.998,-8.93,FB0101011F000003,0,True,False
16.153410899001756,-71.53410899001756,-67.624,-12.516,FB0101011F000003,0,True,False
16.203473216999555,-72.03473216999555,-68.288,-13.289,FB0101011F000003,0,True,False
16.25361462300134,-72.5361462300134,-68.901,-12.252,FB0101011F000003,0,True,False
16.30377772599968,-73.0377772599968,-69.483,-11.645,FB0101011F000003,0,True,False
16.353943906000495,-73.53943906000495,-70.009,-10.512,FB0101011F000003,0,True,False
16.404123233001883,-74.04123233001883,-70.509,-10.002,FB0101011F000003,0,True,False
16.4541949150007,-74.54194915000699,-70.995,-9.73,FB0101011F000003,0,True,False
16.504270811001334,-75.04270811001334,-71.492,-9.94,FB0101011F000003,0,True,False
16.55434745599996,-75.5434745599996,-72.002,-10.186,FB0101011F000003,0,True,False
16.604422763000912,-76.04422763000912,-72.468,-9.334,FB0101011F000003,0,True,False
16.654498457002774,-76.54498457002774,-72.886,-8.358,FB0101011F000003,0,True,False
16.704577549000533,-77.04577549000533,-73.241,-7.084,FB0101011F000003,0,True,False
16.754739784002595,-77.54739784002595,-73.574,-6.671,FB0101011F000003,0,True,False
16.804922350002016,-78.04922350002016,-73.972,-7.954,FB0101011F000003,0,True,False
16.855087907999405,-78.55087907999405,-74.539,-11.347,FB0101011F000003,0,True,False
16.905327122000017,-79.05327122000017,-75.223,-13.667,FB0101011F000003,0,True,False
16.95540536000044,-79.55405360000441,-75.868,-12.911,FB0101011F000003,0,True,False
17.005480703999638,-80.05480703999638,-76.467,-11.988,FB0101011F000003,0,True,False
17.055566164002812,-80.55566164002812,-77.017,-10.995,FB0101011F000003,0,True,False
17.105752388000838,-81.05752388000838,-77.528,-10.222,FB0101011F000003,0,True,False
17.15593516000081,-81.55935160000809,-78.014,-9.712,FB0101011F000003,0,True,False
17.20613727900127,-82.06137279001268,-78.511,-9.949,FB0101011F000003,0,True,False
17.256206281999766,-82.56206281999766,-79.018,-10.134,FB0101011F000003,0,True,False
17.30629180500182,-83.0629180500182,-79.502,-9.677,FB0101011F000003,0,True,False
17.356382311001653,-83.56382311001653,-79.945,-8.859,FB0101011F000003,0,True,False
17.406598674002453,-84.06598674002453,-80.321,-7.532,FB0101011F000003,0,True,False
17.456784780002636,-84.56784780002636,-80.644,-6.451,FB0101011F000003,0,True,False
17.506870738001453,-85.06870738001453,-81.002,-7.154,FB0101011F000003,0,True,False
17.557048144000873,-85.57048144000873,-81.482,-9.598,FB0101011F000003,0,True,False
17.60720872499951,-86.07208724999509,-82.139,-13.14,FB0101011F000003,0,True,False
17.65730329500002,-86.5730329500002,-82.808,-13.394,FB0101011F000003,0,True,False
17.707387796999683,-87.07387796999683,-83.435,-12.542,FB0101011F000003,0,True,False
17.757463301000826,-87.57463301000826,-84.013,-11.549,FB0101011F000003,0,True,False
17.80780955299997,-88.0780955299997,-84.538,-10.503,FB0101011F000003,0,True,False
17.857988435000152,-88.57988435000152,-85.034,-9.914,FB0101011F000003,0,True,False
17.90807601599954,-89.0807601599954,-85.522,-9.765,FB0101011F000003,0,True,False
17.958187230000476,-89.58187230000476,-86.029,-10.143,FB0101011F000003,0,True,False
18.008276071999717,-89.91723928000283,-86.523,-9.888,FB0101011F000003,0,True,False
18.058484307999606,-89.41515692000394,-86.967,-8.868,FB0101011F000003,0,True,False
18.10861491000105,-88.91385089998948,-87.305,-6.768,FB0101011F000003,0,True,False
18.158874404001836,-88.41125595998164,-87.525,-4.386,FB0101011F000003,0,True,False
18.209169622001355,-87.90830377998645,-87.66,-2.716,FB0101011F000003,0,True,False
18.25935359900177,-87.4064640099823,-87.734,-1.476,FB0101011F000003,0,True,False
18.309487032001925,-86.90512967998075,-87.767,-0.65,FB0101011F000003,0,True,False
18.359605726000154,-86.40394273999846,-87.77,-0.062,FB0101011F000003,0,True,False
18.409798150001734,-85.90201849998266,-87.764,0.105,FB0101011F000003,0,True,False
18.459983606000606,-85.40016393999394,-87.764,0.018,FB0101011F000003,0,True,False
18.51013479299945,-84.89865207000548,-87.756,0.158,FB0101011F000003,0,True,False
18.56033625800046,-84.39663741999539,-87.706,1.002,FB0101011F000003,0,True,False
18.61045008700239,-83.89549912997609,-87.55,3.111,FB0101011F000003,0,True,False
18.660620886999823,-83.39379113000177,-87.226,6.478,FB0101011F000003,0,True,False
18.710879869002383,-82.89120130997617,-86.712,10.283,FB0101011F000003,0,True,False
18.761186521001946,-82.38813478998054,-86.124,11.76,FB0101011F000003,0,True,False
18.811314078000578,-81.88685921999422,-85.59,10.679,FB0101011F000003,0,True,False
18.861445121001452,-81.38554878998548,-85.093,9.94,FB0101011F000003,0,True,False
18.91163330100244,-80.88366698997561,-84.619,9.483,FB0101011F000003,0,True,False
18.961921444002655,-80.38078555997345,-84.165,9.07,FB0101011F000003,0,True,False
19.012133165000705,-79.87866834999295,-83.704,9.22,FB0101011F000003,0,True,False
19.06236471900047,-79.3763528099953,-83.237,9.352,FB0101011F000003,0,True,False
19.11254273400118,-78.87457265998819,-82.772,9.29,FB0101011F000003,0,True,False
19.16282130900072,-78.3717869099928,-82.317,9.097,FB0101011F000003,0,True,False
19.212998920000246,-77.87001079999754,-81.901,8.332,FB0101011F000003,0,True,False
19.263229342002887,-77.36770657997113,-81.533,7.356,FB0101011F000003,0,True,False
19.31334467600027,-76.8665532399973,-81.22,6.267,FB0101011F000003,0,True,False
19.363626129001204,-76.36373870998796,-80.927,5.854,FB0101011F000003,0,True,False
19.41390328000125,-75.8609671999875,-80.596,6.627,FB0101011F000003,0,True,False
19.46419511500062,-75.35804884999379,-80.041,11.092,FB0101011F000003,0,True,False
19.5143479569997,-74.856520430003,-79.128,18.255,FB0101011F000003,0,True,False
19.564479380002012,-74.35520619997988,-78.25,17.56,FB0101011F000003,0,True,False
19.61469488900184,-73.8530511099816,-77.533,14.344,FB0101011F000003,0,True,False
19.664874004000012,-73.35125995999988,-76.921,12.234,FB0101011F000003,0,True,False
19.715229697001632,-72.84770302998368,-76.368,11.065,FB0101011F000003,0,True,False
19.765379888001917,-72.34620111998083,-75.853,10.301,FB0101011F000003,0,True,False
19.815490917000716,-71.84509082999284,-75.37,9.659,FB0101011F000003,0,True,False
19.86560042400015,-71.3439957599985,-74.931,8.789,FB0101011F000003,0,True,False
19.915767211001366,-70.84232788998634,-74.55,7.611,FB0101011F000003,0,True,False
19.965899939001247,-70.34100060998753,-74.229,6.425,FB0101011F000003,0,True,False
20.01601215700066,-69.8398784299934,-73.945,5.669,FB0101011F000003,0,True,False
20.06614885900126,-69.3385114099874,-73.675,5.405,FB0101011F000003,0,True,False
20.116283762999956,-68.83716237000044,-73.333,6.847,FB0101011F000003,0,True,False
20.166362243002368,-68.33637756997632,-72.743,11.804,FB0101011F000003,0,True,False
20.216437565999513,-67.83562434000487,-71.851,17.833,FB0101011F000003,0,True,False
20.266535474002012,-67.33464525997988,-71.028,16.453,FB0101011F000003,0,True,False
20.31661100400015,-66.83388995999849,-70.351,13.544,FB0101011F000003,0,True,False
20.366711661001318,-66.33288338998682,-69.771,11.602,FB0101011F000003,0,True,False
20.417096732002392,-65.82903267997608,-69.244,10.547,FB0101011F000003,0,True,False
20.467218211000727,-65.32781788999273,-68.752,9.826,FB0101011F000003,0,True,False
20.517405079001037,-64.82594920998963,-68.289,9.272,FB0101011F000003,0,True,False
20.567479951001587,-64.32520048998413,-67.848,8.807,FB0101011F000003,0,True,False
20.61755489999996,-63.82445100000041,-67.466,7.646,FB0101011F000003,0,True,False
20.66771669300215,-63.322833069978515,-67.133,6.671,FB0101011F000003,0,True,False
20.71788367100089,-62.82116328999109,-66.847,5.704,FB0101011F000003,0,True,False
20.76805096099997,-62.31949039000028,-66.578,5.388,FB0101011F000003,0,True,False
20.818179603000317,-61.81820396999683,-66.28,5.968,FB0101011F000003,0,True,False
20.868253666001692,-61.31746333998308,-65.839,8.815,FB0101011F000003,0,True,False
20.918460282002343,-60.81539717997657,-65.058,15.627,FB0101011F000003,0,True,False
20.968537881002703,-60.31462118997297,-64.164,17.868,FB0101011F000003,0,True,False
21.018607429999975,-59.813925700000254,-63.422,14.836,FB0101011F000003,0,True,False
21.06878762800261,-59.3121237199739,-62.805,12.34,FB0101011F000003,0,True,False
21.11894944100277,-58.81050558997231,-62.26,10.916,FB0101011F000003,0,True,False
21.16914825800268,-58.308517419973214,-61.753,10.125,FB0101011F000003,0,True,False
21.21923866600264,-57.807613339973614,-61.276,9.536,FB0101011F000003,0,True,False
21.269312587999593,-57.30687412000407,-60.826,9.0,FB0101011F000003,0,True,False
21.31938581000213,-56.806141899978684,-60.416,8.2,FB0101011F000003,0,True,False
21.369460293000884,-56.30539706999116,-60.053,7.26,FB0101011F000003,0,True,False
21.419533732001582,-55.804662679984176,-59.753,6.003,FB0101011F000003,0,True,False
21.46960762299932,-55.303923770006804,-59.478,5.511,FB0101011F000003,0,True,False
21.519802088001597,-54.801979119984026,-59.199,5.581,FB0101011F000003,0,True,False
21.569962237001164,-54.30037762998836,-58.82,7.576,FB0101011F000003,0,True,False
21.620148202000564,-53.79851797999436,-58.16,13.201,FB0101011F000003,0,True,False
21.670292838000023,-53.29707161999977,-57.268,17.833,FB0101011F000003,0,True,False
21.72036984100123,-52.796301589987706,-56.492,15.521,FB0101011F000003,0,True,False
21.770442790002562,-52.29557209997438,-55.849,12.867,FB0101011F000003,0,True,False
21.8205163599996,-51.79483640000399,-55.291,11.153,FB0101011F000003,0,True,False
21.87058991000231,-51.29410089997691,-54.768,10.459,FB0101011F000003,0,True,False
21.92075369899976,-50.79246301000239,-54.283,9.703,FB0101011F000003,0,True,False
21.970913580000342,-50.29086419999658,-53.825,9.158,FB0101011F000003,0,True,False
22.02110625900241,-49.788937409975915,-53.387,8.763,FB0101011F000003,0,True,False
22.07117860300059,-49.2882139699941,-53.005,7.638,FB0101011F000003,0,True,False
22.121252143002494,-48.787478569975065,-52.68,6.504,FB0101011F000003,0,True,False
22.17132874299932,-48.286712570006785,-52.393,5.73,FB0101011F000003,0,True,False
22.2214035850011,-47.78596414998901,-52.125,5.37,FB0101011F000003,0,True,False
22.27148596600091,-47.2851403399909,-51.816,6.17,FB0101011F000003,0,True,False
22.321561873002793,-46.78438126997207,-51.322,9.896,FB0101011F000003,0,True,False
22.37163483400218,-46.283651659978204,-50.477,16.893,FB0101011F000003,0,True,False
22.421807288999844,-45.78192711000156,-49.607,17.394,FB0101011F000003,0,True,False
22.471975942000427,-45.280240579995734,-48.884,14.467,FB0101011F000003,0,True,False
22.522141954999825,-44.778580450001755,-48.29,11.883,FB0101011F000003,0,True,False
22.572216646000015,-44.27783353999984,-47.76,10.6,FB0101011F000003,0,True,False
22.622393195000768,-43.77606804999232,-47.259,10.011,FB0101011F000003,0,True,False
22.672469286000705,-43.27530713999295,-46.794,9.299,FB0101011F000003,0,True,False
22.722544931999437,-42.77455068000563,-46.357,8.736,FB0101011F000003,0,True,False
22.772730082000635,-42.27269917999366,-45.963,7.884,FB0101011F000003,0,True,False
22.8229090599998,-41.77090940000198,-45.616,6.943,FB0101011F000003,0,True,False
22.873107154002355,-41.26892845997645,-45.333,5.669,FB0101011F000003,0,True,False
22.92320045300221,-40.767995469977905,-45.065,5.361,FB0101011F000003,0,True,False
22.973275075000856,-40.26724924999144,-44.789,5.519,FB0101011F000003,0,True,False
23.02335065200168,-39.76649347998318,-44.397,7.84,FB0101011F000003,0,True,False
23.07343552200109,-39.26564477998909,-43.689,14.15,FB0101011F000003,0,True,False
23.123513878999802,-38.76486121000199,-42.754,18.694,FB0101011F000003,0,True,False
23.173598306999338,-38.26401693000662,-41.968,15.732,FB0101011F000003,0,True,False
23.2236745299997,-37.76325470000302,-41.311,13.131,FB0101011F000003,0,True,False
23.27376206400004,-37.26237935999961,-40.743,11.355,FB0101011F000003,0,True,False
23.323942637001892,-36.76057362998108,-40.22,10.468,FB0101011F000003,0,True,False
23.37411453400273,-36.25885465997272,-39.737,9.659,FB0101011F000003,0,True,False
23.424189512999874,-35.75810487000126,-39.277,9.193,FB0101011F000003,0,True,False
23.474386216999847,-35.256137830001535,-38.863,8.279,FB0101011F000003,0,True,False
23.52446366500226,-34.755363349977415,-38.508,7.119,FB0101011F000003,0,True,False
23.57457416699981,-34.2542583300019,-38.214,5.871,FB0101011F000003,0,True,False
23.624735449000582,-33.75264550999418,-37.944,5.405,FB0101011F000003,0,True,False
23.6749068800018,-33.250931199982006,-37.683,5.212,FB0101011F000003,0,True,False
23.7250863770023,-32.74913622997702,-37.349,6.688,FB0101011F000003,0,True,False
23.775180857999658,-32.24819142000342,-36.784,11.303,FB0101011F000003,0,True,False
23.825255375002598,-31.74744624997402,-35.889,17.886,FB0101011F000003,0,True,False
23.875326043002133,-31.246739569978672,-35.041,16.963,FB0101011F000003,0,True,False
23.925400005002302,-30.745999949976976,-34.345,13.922,FB0101011F000003,0,True,False
23.97550203799983,-30.244979620001693,-33.765,11.61,FB0101011F000003,0,True,False
24.02557017900108,-29.74429820998921,-33.235,10.591,FB0101011F000003,0,True,False
24.075637819001713,-29.243621809982876,-32.736,9.976,FB0101011F000003,0,True,False
24.1257976650013,-28.742023349986987,-32.268,9.36,FB0101011F000003,0,True,False
24.17596057999981,-28.2403942000019,-31.831,8.745,FB0101011F000003,0,True,False
24.226132555999357,-27.738674440006434,-31.446,7.69,FB0101011F000003,0,True,False
24.27626621300078,-27.23733786999219,-31.114,6.653,FB0101011F000003,0,True,False
24.32633813299981,-26.736618670001924,-30.832,5.634,FB0101011F000003,0,True,False
24.376526268002635,-26.234737319973647,-30.57,5.247,FB0101011F000003,0,True,False
24.426603301002615,-25.73396698997385,-30.272,5.95,FB0101011F000003,0,True,False
24.4767805090014,-25.232194909985992,-29.821,9.018,FB0101011F000003,0,True,False
24.52694664199953,-24.730533580004703,-29.02,16.022,FB0101011F000003,0,True,False
24.57713360300113,-24.228663969988702,-28.137,17.657,FB0101011F000003,0,True,False
24.627208076002717,-23.727919239972834,-27.408,14.581,FB0101011F000003,0,True,False
24.677283299002738,-23.227167009972618,-26.803,12.103,FB0101011F000003,0,True,False
24.727356417999545,-22.726435820004554,-26.278,10.503,FB0101011F000003,0,True,False
24.777457680000225,-22.22542319999775,-25.781,9.932,FB0101011F000003,0,True,False
24.827535134001664,-21.72464865998336,-25.313,9.369,FB0101011F000003,0,True,False
24.87764014500135,-21.22359854998649,-24.863,8.991,FB0101011F000003,0,True,False
24.927820953002083,-20.72179046997917,-24.448,8.314,FB0101011F000003,0,True,False
24.977909721001197,-20.22090278998803,-24.08,7.356,FB0101011F000003,0,True,False
25.027977813002508,-19.72022186997492,-23.774,6.126,FB0101011F000003,0,True,False
25.078048810002656,-19.21951189997344,-23.5,5.467,FB0101011F000003,0,True,False
25.128130512002826,-18.718694879971736,-23.222,5.555,FB0101011F000003,0,True,False
25.178215730000375,-18.217842699996254,-22.852,7.4,FB0101011F000003,0,True,False
25.22828431400194,-17.717156859980605,-22.188,13.28,FB0101011F000003,0,True,False
25.278385322002578,-17.216146779974224,-21.266,18.439,FB0101011F000003,0,True,False
25.328455880000547,-16.71544119999453,-20.469,15.952,FB0101011F000003,0,True,False
25.378526925000187,-16.214730749998125,-19.818,13.017,FB0101011F000003,0,True,False
25.428727151000203,-15.712728489997971,-19.259,11.171,FB0101011F000003,0,True,False
25.47888956600218,-15.211104339978192,-18.738,10.424,FB0101011F000003,0,True,False
25.52904782400219,-14.709521759978088,-18.243,9.905,FB0101011F000003,0,True,False
25.579233996999392,-14.207660030006082,-17.779,9.272,FB0101011F000003,0,True,False
25.62930447600229,-13.706955239977106,-17.359,8.411,FB0101011F000003,0,True,False
25.679484094001964,-13.20515905998036,-16.995,7.269,FB0101011F000003,0,True,False
25.729675896000117,-12.70324103999883,-16.685,6.214,FB0101011F000003,0,True,False
25.77975165799944,-12.202483420005592,-16.41,5.493,FB0101011F000003,0,True,False
25.829818253001577,-11.701817469984235,-16.139,5.423,FB0101011F000003,0,True,False
25.87998699899981,-11.200130010001885,-15.823,6.311,FB0101011F000003,0,True,False
25.93015403100071,-10.698459689992887,-15.308,10.31,FB0101011F000003,0,True,False
25.980200201000116,-10.19799798999884,-14.454,17.077,FB0101011F000003,0,True,False
26.03027438600111,-9.697256139988895,-13.592,17.244,FB0101011F000003,0,True,False
26.0803488010024,-9.196511989975988,-12.875,14.344,FB0101011F000003,0,True,False
26.1304202350002,-8.695797649997985,-12.277,11.944,FB0101011F000003,0,True,False
26.180491596001957,-8.19508403998043,-11.739,10.767,FB0101011F000003,0,True,False
26.230567058002634,-7.694329419973656,-11.234,10.107,FB0101011F000003,0,True,False
26.28074390600159,-7.192560939984105,-10.755,9.571,FB0101011F000003,0,True,False
26.330915690999973,-6.690843090000271,-10.312,8.868,FB0101011F000003,0,True,False
26.381116804001067,-6.188831959989329,-9.917,7.893,FB0101011F000003,0,True,False
26.431293646000995,-5.687063539990049,-9.578,6.776,FB0101011F000003,0,True,False
26.481451046001894,-5.185489539981063,-9.301,5.546,FB0101011F000003,0,True,False
26.531545526002446,-4.684544739975536,-9.039,5.238,FB0101011F000003,0,True,False
26.581628986001306,-4.1837101399869425,-8.765,5.476,FB0101011F000003,0,True,False
26.63179676100117,-3.682032389988308,-8.376,7.787,FB0101011F000003,0,True,False
26.681965603002027,-3.180343969979731,-7.667,14.186,FB0101011F000003,0,True,False
26.732149331000983,-2.678506689990172,-6.754,18.264,FB0101011F000003,0,True,False
26.782351125002606,-2.1764887499739416,-5.969,15.697,FB0101011F000003,0,True,False
26.832446296000853,-1.6755370399914682,-5.317,13.025,FB0101011F000003,0,True,False
26.882527494002716,-1.1747250599728432,-4.751,11.329,FB0101011F000003,0,True,False
26.932606788002886,-0.6739321199711412,-4.221,10.608,FB0101011F000003,0,True,False
26.98279169700254,-0.17208302997460123,-3.738,9.65,FB0101011F000003,0,True,False
27.032956154002022,0.3295615400202223,-3.282,9.114,FB0101011F000003,0,True,False
27.083142585001042,0.8314258500104188,-2.874,8.174,FB0101011F000003,0,True,False
27.133226333000493,1.3322633300049347,-2.507,7.339,FB0101011F000003,0,True,False
27.183307537001383,1.8330753700138303,-2.207,5.985,FB0101011F000003,0,True,False
27.23338108200187,2.333810820018698,-1.939,5.361,FB0101011F000003,0,True,False
27.283557457001734,2.835574570017357,-1.68,5.186,FB0101011F000003,0,True,False
27.33372452399999,3.337245239999902,-1.354,6.521,FB0101011F000003,0,True,False
27.383886826999515,3.838868269995146,-0.786,11.355,FB0101011F000003,0,True,False
27.434048118000646,4.340481180006449,0.109,17.912,FB0101011F000003,0,True,False
27.484190710001712,4.841907100017124,0.944,16.682,FB0101011F000003,0,True,False
27.5342765710011,5.342765710011008,1.636,13.852,FB0101011F000003,0,True,False
27.584345060000487,5.843450600004871,2.223,11.742,FB0101011F000003,0,True,False
27.634419306999916,6.344193069999164,2.766,10.863,FB0101011F000003,0,True,False
27.68449398500161,6.84493985001609,3.265,9.976,FB0101011F000003,0,True,False
27.734563938000065,7.345639380000648,3.738,9.466,FB0101011F000003,0,True,False
27.78464858600273,7.846485860027315,4.175,8.728,FB0101011F000003,0,True,False
27.83480928100107,8.348092810010712,4.551,7.515,FB0101011F000003,0,True,False
27.884970774000976,8.849707740009762,4.876,6.504,FB0101011F000003,0,True,False
27.935149467000883,9.351494670008819,5.147,5.432,FB0101011F000003,0,True,False
27.985225331001857,9.852253310018568,5.407,5.194,FB0101011F000003,0,True,False
28.035324145999766,10.353241459997662,5.69,5.651,FB0101011F000003,0,True,False
28.085430833001737,10.854308330017375,6.13,8.815,FB0101011F000003,0,True,False
28.13553082100043,11.355308210004281,6.945,16.295,FB0101011F000003,0,True,False
28.185603499001445,11.856034990014464,7.856,18.22,FB0101011F000003,0,True,False
28.235809920002794,12.358099200027937,8.592,14.722,FB0101011F000003,0,True,False
28.285974959999294,12.859749599992952,9.207,12.287,FB0101011F000003,0,True,False
28.336173255000176,13.361732550001761,9.753,10.925,FB0101011F000003,0,True,False
28.386250202001975,13.862502020019747,10.261,10.169,FB0101011F000003,0,True,False
28.436445545001334,14.364455450013338,10.737,9.51,FB0101011F000003,0,True,False
28.486542566002754,14.86542566002754,11.19,9.062,FB0101011F000003,0,True,False
28.53672599300262,15.367259930026194,11.588,7.963,FB0101011F000003,0,True,False
28.58689996600151,15.868999660015106,11.932,6.873,FB0101011F000003,0,True,False
28.63710151900159,16.371015190015896,12.223,5.836,FB0101011F000003,0,True,False
28.687189020001824,16.87189020001823,12.481,5.15,FB0101011F000003,0,True,False
28.737263856000936,17.372638560009364,12.742,5.212,FB0101011F000003,0,True,False
28.78735630799929,17.87356307999289,13.087,6.917,FB0101011F000003,0,True,False
28.837524369002494,18.37524369002496,13.716,12.577,FB0101011F000003,0,True,False
28.887597684002685,18.875976840026865,14.663,18.94,FB0101011F000003,0,True,False
28.937687352001376,19.37687352001376,15.5,16.726,FB0101011F000003,0,True,False
28.98776617600015,19.8776617600015,16.178,13.562,FB0101011F000003,0,True,False
29.037929010999505,20.379290109995054,16.762,11.681,FB0101011F000003,0,True,False
29.08825339300165,20.882533930016507,17.303,10.819,FB0101011F000003,0,True,False
29.138354329999856,21.383543299998564,17.797,9.879,FB0101011F000003,0,True,False
29.188546396002494,21.88546396002492,18.259,9.246,FB0101011F000003,0,True,False
29.238619440002367,22.38619440002367,18.676,8.341,FB0101011F000003,0,True,False
29.28869508900243,22.88695089002431,19.038,7.242,FB0101011F000003,0,True,False
29.33885556200039,23.388555620003913,19.346,6.17,FB0101011F000003,0,True,False
29.389015148000908,23.890151480009095,19.617,5.405,FB0101011F000003,0,True,False
29.43920757700107,24.392075770010706,19.875,5.168,FB0101011F000003,0,True,False
29.489302035002765,24.893020350027655,20.185,6.188,FB0101011F000003,0,True,False
29.539375352000206,25.393753520002065,20.699,10.283,FB0101011F000003,0,True,False
29.589459861999785,25.89459861999785,21.559,17.2,FB0101011F000003,0,True,False
29.639535952002916,26.39535952002916,22.408,16.989,FB0101011F000003,0,True,False
29.68961658400076,26.896165840007583,23.117,14.177,FB0101011F000003,0,True,False
29.739790069001174,27.39790069001174,23.718,12.015,FB0101011F000003,0,True,False
29.789965482999833,27.899654829998326,24.261,10.863,FB0101011F000003,0,True,False
29.840153287001158,28.40153287001158,24.767,10.125,FB0101011F000003,0,True,False
29.89028070399945,28.902807039994514,25.236,9.369,FB0101011F000003,0,True,False
29.94043557000259,29.404355700025917,25.674,8.763,FB0101011F000003,0,True,False
29.99056951500097,29.905695150009706,26.068,7.893,FB0101011F000003,0,True,False
30.040851599002053,30.408515990020533,26.419,7.022,FB0101011F000003,0,True,False
30.091133068999625,30.911330689996248,26.711,5.836,FB0101011F000003,0,True,False
30.141298064001603,31.412980640016016,26.98,5.37,FB0101011F000003,0,True,False
30.191488218002632,31.914882180026325,27.261,5.616,FB0101011F000003,0,True,False
30.241685144999792,32.41685144999792,27.66,7.98,FB0101011F000003,0,True,False
30.291863129001285,32.918631290012854,28.389,14.581,FB0101011F000003,0,True,False
30.342049384002166,33.42049384002168,29.281,17.851,FB0101011F000003,0,True,False
30.392227082000318,33.92227082000318,30.047,15.319,FB0101011F000003,0,True,False
30.44235740500153,34.42357405001529,30.678,12.621,FB0101011F000003,0,True,False
30.492520654002874,34.92520654002874,31.219,10.811,FB0101011F000003,0,True,False
30.54270304900274,35.42703049002739,31.738,10.389,FB0101011F000003,0,True,False
30.592982477002806,35.92982477002806,32.217,9.58,FB0101011F000003,0,True,False
30.643192556999566,36.43192556999567,32.673,9.114,FB0101011F000003,0,True,False
30.69347063600071,36.93470636000713,33.093,8.402,FB0101011F000003,0,True,False
30.743602039001416,37.436020390014164,33.465,7.444,FB0101011F000003,0,True,False
30.793887359999644,37.93887359999644,33.772,6.135,FB0101011F000003,0,True,False
30.844051068001136,38.44051068001136,34.04,5.37,FB0101011F000003,0,True,False
30.894297548002214,38.94297548002214,34.3,5.194,FB0101011F000003,0,True,False
30.944439964001504,39.444399640015035,34.616,6.311,FB0101011F000003,0,True,False
30.99460048900073,39.946004890007316,35.171,11.101,FB0101011F000003,0,True,False
31.04486983100287,40.4486983100287,36.083,18.237,FB0101011F000003,0,True,False
31.095161496999935,40.951614969999355,36.936,17.077,FB0101011F000003,0,True,False
31.145309198000177,41.45309198000177,37.634,13.957,FB0101011F000003,0,True,False
31.195470556001965,41.95470556001965,38.225,11.813,FB0101011F000003,0,True,False
31.245654351001576,42.45654351001576,38.76,10.705,FB0101011F000003,0,True,False
31.295922072000394,42.95922072000394,39.727,9.439,FB0101011F000003,0,True,False
31.346090546001506,43.460905460015056,40.168,8.815,FB0101011F000003,0,True,False
31.396280315002514,43.96280315002514,40.558,7.787,FB0101011F000003,0,True,False
31.446401397002774,44.464013970027736,40.886,6.565,FB0101011F000003,0,True,False
31.496552821001387,44.96552821001387,41.16,5.476,FB0101011F000003,0,True,False
31.546718325000256,45.46718325000256,41.416,5.124,FB0101011F000003,0,True,False
31.596992533999583,45.969925339995825,41.695,5.581,FB0101011F000003,0,True,False
31.64712303700071,46.471230370007106,42.109,8.279,FB0101011F000003,0,True,False
31.69730093900216,46.973009390021616,42.883,15.486,FB0101011F000003,0,True,False
31.747424744000455,47.47424744000455,43.817,18.668,FB0101011F000003,0,True,False
31.79754663499989,47.9754663499989,44.575,15.161,FB0101011F000003,0,True,False
31.84781759800171,48.47817598001711,45.206,12.621,FB0101011F000003,0,True,False
31.8979738190028,48.979738190028,45.764,11.171,FB0101011F000003,0,True,False
31.948155390000466,49.481553900004656,46.279,10.301,FB0101011F000003,0,True,False
31.998330812002678,49.98330812002678,46.756,9.545,FB0101011F000003,0,True,False
32.04858051799965,50.48580517999653,47.203,8.921,FB0101011F000003,0,True,False
32.098760509001295,50.98760509001295,47.609,8.13,FB0101011F000003,0,True,False
32.14892085199972,51.48920851999719,47.966,7.137,FB0101011F000003,0,True,False
32.19901547500194,51.99015475001943,48.267,6.021,FB0101011F000003,0,True,False
32.249090051001986,52.490900510019856,48.537,5.396,FB0101011F000003,0,True,False
32.29920791800032,52.9920791800032,48.806,5.379,FB0101011F000003,0,True,False
32.34928196100009,53.49281961000088,49.154,6.961,FB0101011F000003,0,True,False
32.39936485900034,53.99364859000343,49.8,12.92,FB0101011F000003,0,True,False
32.44944274700174,54.4944274700174,50.708,18.167,FB0101011F000003,0,True,False
32.49954253800024,54.995425380002416,51.503,15.891,FB0101011F000003,0,True,False
32.54971774200021,55.49717742000212,52.17,13.342,FB0101011F000003,0,True,False
32.59990511200158,55.99905112001579,52.73,11.215,FB0101011F000003,0,True,False
32.64997787200264,56.49977872002637,53.26,10.582,FB0101011F000003,0,True,False
32.70005023500198,57.000502350019815,53.75,9.8,FB0101011F000003,0,True,False
32.75009031400259,57.50090314002591,54.205,9.106,FB0101011F000003,0,True,False
32.80019821600217,58.001982160021726,54.625,8.402,FB0101011F000003,0,True,False
32.85026607400141,58.50266074001411,55.008,7.655,FB0101011F000003,0,True,False
32.900343590001285,59.003435900012846,55.332,6.495,FB0101011F000003,0,True,False
32.950420680001116,59.50420680001116,55.619,5.722,FB0101011F000003,0,True,False
33.000498548000905,60.004985480009054,55.882,5.273,FB0101011F000003,0,True,False
33.0505736160012,60.50573616001202,56.179,5.941,FB0101011F000003,0,True,False
33.100740436002525,61.00740436002525,56.679,9.993,FB0101011F000003,0,True,False
33.15090284600228,61.50902846002282,57.529,16.998,FB0101011F000003,0,True,False
33.201115559000755,62.01115559000755,58.387,17.165,FB0101011F000003,0,True,False
33.251200115002575,62.51200115002575,59.1,14.265,FB0101011F000003,0,True,False
33.30127577500025,63.01275775000249,59.701,12.023,FB0101011F000003,0,True,False
33.35135074000209,63.5135074000209,60.245,10.872,FB0101011F000003,0,True,False
33.40144597900144,64.01445979001437,60.753,10.16,FB0101011F000003,0,True,False
33.4515213650011,64.51521365001099,61.226,9.457,FB0101011F000003,0,True,False
33.501594953002495,65.01594953002495,61.655,8.578,FB0101011F000003,0,True,False
33.551763571002084,65.51763571002084,62.052,7.945,FB0101011F000003,0,True,False
33.60195604100227,66.01956041002268,62.402,7.005,FB0101011F000003,0,True,False
33.65213161000065,66.52131610000652,62.697,5.898,FB0101011F000003,0,True,False
33.702207243000885,67.02207243000885,62.964,5.344,FB0101011F000003,0,True,False
33.75228179300029,67.52281793000293,63.246,5.634,FB0101011F000003,0,True,False
33.80239032300233,68.02390323002328,63.639,7.857,FB0101011F000003,0,True,False
33.852665426002204,68.52665426002204,64.373,14.687,FB0101011F000003,0,True,False
33.90283858800103,69.02838588001032,65.277,18.079,FB0101011F000003,0,True,False
33.953156654999475,69.53156654999475,66.058,15.618,FB0101011F000003,0,True,False
34.003313388002425,70.03313388002425,66.697,12.779,FB0101011F000003,0,True,False
34.05347481300123,70.5347481300123,67.242,10.907,FB0101011F000003,0,True,False
34.10363734800194,71.03637348001939,67.766,10.468,FB0101011F000003,0,True,False
34.15390008599934,71.5390008599934,68.237,9.431,FB0101011F000003,0,True,False
34.20401446600226,72.04014466002263,68.683,8.903,FB0101011F000003,0,True,False
34.25430623700231,72.54306237002311,69.096,8.271,FB0101011F000003,0,True,False
34.304418804000306,73.04418804000306,69.476,7.603,FB0101011F000003,0,True,False
34.35458696299975,73.54586962999747,69.79,6.284,FB0101011F000003,0,True,False
34.404707315999985,74.04707315999985,70.063,5.458,FB0101011F000003,0,True,False
34.45497018199967,74.5497018199967,70.323,5.185,FB0101011F000003,0,True,False
34.50509762100046,75.05097621000459,70.646,6.469,FB0101011F000003,0,True,False
34.5552097050022,75.55209705002198,71.208,11.241,FB0101011F000003,0,True,False
34.60527944700152,76.05279447001521,72.096,17.754,FB0101011F000003,0,True,False
34.65535333600201,76.55353336002008,72.939,16.857,FB0101011F000003,0,True,False
34.70542655400277,77.0542655400277,73.626,13.737,FB0101011F000003,0,True,False
34.75550243299949,77.55502432999492,74.214,11.768,FB0101011F000003,0,True,False
34.805587664002815,78.05587664002815,74.754,10.793,FB0101011F000003,0,True,False
34.855756334000034,78.55756334000034,75.255,10.037,FB0101011F000003,0,True,False
34.90592627600199,79.05926276001992,75.719,9.264,FB0101011F000003,0,True,False
34.95610062700143,79.56100627001433,76.155,8.719,FB0101011F000003,0,True,False
35.00629256100001,80.0629256100001,76.536,7.638,FB0101011F000003,0,True,False
35.05646310800148,80.5646310800148,76.873,6.724,FB0101011F000003,0,True,False
35.10654613600127,81.0654613600127,77.153,5.599,FB0101011F000003,0,True,False
35.156716600002255,81.56716600002255,77.349,3.938,FB0101011F000003,0,True,False
35.20689287099958,82.06892870999582,77.489,2.786,FB0101011F000003,0,True,False
35.25708228200165,82.57082282001647,77.768,5.581,FB0101011F000003,0,True,False
35.307193872002244,83.07193872002244,78.24,9.439,FB0101011F000003,0,True,False
35.35732858200208,83.57328582002083,79.105,17.306,FB0101011F000003,0,True,False
35.4074101820006,84.07410182000604,80.011,18.123,FB0101011F000003,0,True,False
35.45750003000285,84.57500030002848,80.778,15.328,FB0101011F000003,0,True,False
35.50758832300198,85.07588323001983,81.427,12.99,FB0101011F000003,0,True,False
35.557663187999424,85.57663187999424,82.008,11.619,FB0101011F000003,0,True,False
35.60782646100051,86.07826461000514,82.534,10.512,FB0101011F000003,0,True,False
35.65798828300103,86.57988283001032,83.029,9.914,FB0101011F000003,0,True,False
35.708185125000455,87.08185125000455,83.482,9.053,FB0101011F000003,0,True,False
35.75827855800162,87.5827855800162,83.885,8.06,FB0101011F000003,0,True,False
35.808373371000926,88.08373371000926,84.21,6.504,FB0101011F000003,0,True,False
35.85844866200205,88.58448662002047,84.498,5.757,FB0101011F000003,0,True,False
35.90852332900249,89.08523329002492,84.779,5.625,FB0101011F000003,0,True,False
35.9585975580012,89.58597558001202,85.129,6.996,FB0101011F000003,0,True,False
36.008757661002164,90.0,85.769,12.788,FB0101011F000003,0,True,False
